,Touchscreen Display,Screen Size,Processor Type,Weight,Year of Original Release,Processor Cores,Colour,Convertible/Hybrid Display,2-in-1,windows laptop,macbook,macbook_air,macbook_pro,surface,chromebook,gaming_laptop
146,Yes,17.3,10th Gen Intel Core i7-10510U,4.7,0,4,0,Yes,0,1,0,0,0,0,0,0
149,Yes,17.3,8th Generation Intel Core i7-8565U,4.7,0,4,0,No,0,1,0,0,0,0,0,0
58,Yes,17.3,Intel Core i7-8565U,4.7,0,4,0,0,0,1,0,0,0,0,0,0
0,Yes,15.6,Intel Core i5-8265U,4.78,0,4,0,Yes,1,0,0,0,0,0,0,0
3,Yes,15.6,10th Generation Intel Core i5-10210U,4.78,0,4,0,Yes,1,0,0,0,0,0,0,0
4,Yes,15.6,Intel i5-8265U,4.78,0,4,0,Yes,1,0,0,0,0,0,0,0
5,Yes,15.6,Intel Core i7-8550U,4.78,0,4,0,Yes,1,0,0,0,0,0,0,0
6,Yes,15.6,Intel Core i7-8550U,4.7,0,4,0,Yes,0,1,0,0,0,0,0,0
7,Yes,15.6,10th Gen Intel Core i7-10510U,4.78,0,4,0,Yes,1,0,0,0,0,0,0,0
8,Yes,15.6,10th Gen Intel Core i7-10510U,4.78,0,4,0,Yes,1,0,0,0,0,0,0,0
314,Yes,15.6,Intel Core i7 7700HQ,4.7,0,0,0,Yes,0,1,0,0,0,0,0,0
818,Yes,15.6,Intel Pentium processor N4200,4.14,0,4,0,Yes,0,0,0,0,0,0,1,0
1013,Yes,15.6,Intel Core I7-8750h,0,0,0,0,Yes,0,0,0,0,0,0,0,1
36,Yes,15.6,Intel Core i5-1035G1,4.7,0,4,0,No,0,1,0,0,0,0,0,0
37,Yes,15.6,Intel Core i3-8130U,4.7,0,2,0,No,0,1,0,0,0,0,0,0
38,Yes,15.6,Intel Core i3-8130U,4.7,0,2,0,No,0,1,0,0,0,0,0,0
48,Yes,15.6,Intel Core i5-8265U,4.7,0,4,0,No,0,1,0,0,0,0,0,0
67,Yes,15.6,Intel Core i7-8550U,4.7,0,4,0,No,0,1,0,0,0,0,0,0
70,Yes,15.6,Intel Core i7-8550U,4.7,0,4,0,No,0,1,0,0,0,0,0,0
77,Yes,15.6,AMD Ryzen 5 3500U,4.7,0,4,0,No,0,1,0,0,0,0,0,0
78,Yes,15.6,AMD Ryzen 5 3500U,4.7,0,4,0,No,0,1,0,0,0,0,0,0
109,Yes,15.6,8th Generation Intel Core i5-8265U,4.7,0,4,0,No,0,1,0,0,0,0,0,0
114,Yes,15.6,10th Gen Intel Core i5-10210U,4.7,0,4,0,No,0,1,0,0,0,0,0,0
158,Yes,15.6,Intel i5-8250U,4.7,0,4,0,No,0,1,0,0,0,0,0,0
259,Yes,15.6,Intel i5-1035G1,4.7,0,4,0,No,0,1,0,0,0,0,0,0
267,Yes,15.6,Intel Core i7 8750H,4.7,0,6,0,No,0,1,0,0,0,0,0,0
316,Yes,15.6,Intel Core i5- 5300U,4.7,0,2,0,No,0,1,0,0,0,0,0,0
317,Yes,15.6,Intel Core i5- 5300U,4.7,0,2,0,No,0,1,0,0,0,0,0,0
816,Yes,15.6,PQC N4200,4.14,0,4,0,No,0,0,0,0,0,0,1,0
882,Yes,15.6,Intel Celeron N3450,0,0,0,0,No,0,0,0,0,0,0,1,0
192,Yes,15.6,Intel 8th Generation Core i5-8265U,4.7,0,4,0,0,0,1,0,0,0,0,0,0
268,Yes,15.6,Intel Core i7-9750H,4.7,0,6,0,0,0,1,0,0,0,0,0,0
382,Yes,15.6,0,4.7,0,0,0,0,0,1,0,0,0,0,0,0
760,Yes,15.6,Intel Quad-Core Pentium N4200,4.14,0,4,0,0,0,0,0,0,0,0,1,0
886,Yes,15.6,Inten Pentium N4200,0,0,4,0,0,0,0,0,0,0,0,1,0
950,Yes,15.6,Intel Core i7-9750H,0,0,6,0,0,0,0,0,0,0,0,0,1
951,Yes,15.6,Intel Core i7-9750H,0,0,6,0,0,0,0,0,0,0,0,0,1
980,Yes,15.6,Intel Core i7-8750H,0,0,6,0,0,0,0,0,0,0,0,0,1
1055,Yes,15.6,Intel Core i5 7300HQ,0,0,4,0,0,0,0,0,0,0,0,0,1
333,Yes,15,Intel Core i5-8305G CPU @ 2.80GHz,4.7,0,0,0,Yes,0,1,0,0,0,0,0,0
350,Yes,15,8th Generation Intel Core i7-8650U,4.7,0,4,0,Yes,0,1,0,0,0,0,0,0
351,Yes,15,0,4.7,0,4,0,No,0,1,0,0,0,0,0,0
352,Yes,15,AMD Ryzen 7 3780U Microsoft Surface Edition,4.7,0,4,0,No,0,1,0,0,0,0,0,0
353,Yes,15,AMD Ryzen 7 Microsoft Surface Edition,4.7,0,4,0,No,0,1,0,0,0,0,0,0
17,Yes,15,0,4.78,0,0,0,0,1,0,0,0,0,0,0,0
250,Yes,15,Intel® Core™ i5-8265U,4.7,0,4,0,0,0,1,0,0,0,0,0,0
251,Yes,15,Intel® Core™ i5-8265U,4.7,0,4,0,0,0,1,0,0,0,0,0,0
383,Yes,15,Intel Core i7-8705G CPU @ 3.10GHz,4.7,0,0,0,0,0,1,0,0,0,0,0,0
1024,Yes,15,"9th Generation Intel® Core™ i7-9750H (12MB Cache, up to 4.5 GHz, 6 cores)",0,0,0,0,0,0,0,0,0,0,0,0,1
124,Yes,14.1,Intel Core i5-6300U,4.7,0,2,0,No,0,1,0,0,0,0,0,0
2,Yes,14,Intel Core i5-8265U,4.78,0,4,0,Yes,1,0,0,0,0,0,0,0
12,Yes,14,Intel Core i5-10210U,4.78,0,4,0,Yes,1,0,0,0,0,0,0,0
13,Yes,14,Intel Core i5-10210U,4.78,0,4,0,Yes,1,0,0,0,0,0,0,0
14,Yes,14,10th Gen Intel Core i5-10210U,4.78,0,4,0,Yes,1,0,0,0,0,0,0,0
22,Yes,14,Intel Pentium Silver N5000,4.78,0,4,0,Yes,1,0,0,0,0,0,0,0
26,Yes,14,Intel Core i5-10210U,4.78,0,4,0,Yes,1,0,0,0,0,0,0,0
33,Yes,14,8th Generation Intel Core i5-8265U,4.78,0,4,0,Yes,1,0,0,0,0,0,0,0
358,Yes,14,Intel Core i7 (8th Gen),4.7,0,4,0,Yes,0,1,0,0,0,0,0,0
762,Yes,14,Intel Core m3-8100Y,4.14,0,2,0,Yes,0,0,0,0,0,0,1,0
85,Yes,14,Intel Core i5-10210U,4.7,0,4,0,No,0,1,0,0,0,0,0,0
214,Yes,14,Intel Core i5-4300U,4.7,0,2,0,No,0,1,0,0,0,0,0,0
283,Yes,14,Intel Core i5-5300U,4.7,0,2,0,No,0,1,0,0,0,0,0,0
750,Yes,14,AMD Dual-Core A4-9120C,4.14,0,2,0,No,0,0,0,0,0,0,1,0
759,Yes,14,Intel Core i3-8130U,4.14,0,2,0,No,0,0,0,0,0,0,1,0
791,Yes,14,AMD Dual-Core A4-9120C,4.14,0,2,0,No,0,0,0,0,0,0,1,0
859,Yes,14,Intel Celeron N3060,0,0,2,0,No,0,0,0,0,0,0,1,0
865,Yes,14,Intel Celeron N3350,0,0,2,0,No,0,0,0,0,0,0,1,0
129,Yes,14,Intel Core i7 - 7600U,4.7,0,2,0,0,0,1,0,0,0,0,0,0
232,Yes,14,Intel Core i5-4300u,4.7,0,2,0,0,0,1,0,0,0,0,0,0
807,Yes,14,Intel&nbsp;Celeron N3350,4.14,0,2,0,0,0,0,0,0,0,0,1,0
863,Yes,14,Intel Celeron N3350 Dual Core,0,0,0,0,0,0,0,0,0,0,0,1,0
9,Yes,13.9,Intel Core i7-8550U,4.78,0,4,0,Yes,1,0,0,0,0,0,0,0
10,Yes,13.9,Intel Core i7-8550U,4.78,0,4,0,Yes,1,0,0,0,0,0,0,0
11,Yes,13.9,Intel Core i7-8550U,4.78,0,4,0,Yes,1,0,0,0,0,0,0,0
27,Yes,13.5,Intel Core i7-8650U Quad-Core,4.78,0,4,0,Yes,1,0,0,0,0,0,0,0
770,Yes,13.5,Intel Core i5-8250U,4.14,0,2,0,Yes,0,0,0,0,0,0,1,0
343,Yes,13.5,10th Generation Intel Core i5-1035G7&nbsp;Processor,4.7,2019,4,0,No,0,1,0,0,0,1,0,0
344,Yes,13.5,8th Gen Intel Core i5,4.7,0,4,0,No,0,1,0,0,0,0,0,0
345,Yes,13.5,10th Gen Intel Core i5-1035G7&nbsp;Processor,4.7,0,4,0,No,0,1,0,0,0,1,0,0
346,Yes,13.5,8th Generation Intel Core i5,4.7,0,4,0,No,0,1,0,0,0,1,0,0
347,Yes,13.5,7th Generation Intel Core i5-7200U,4.7,0,2,0,No,0,1,0,0,0,1,0,0
348,Yes,13.5,10th Gen Intel Core i7-1065G7&nbsp;Processor,4.7,0,4,0,No,0,1,0,0,0,1,0,0
349,Yes,13.5,8th Gen Intel Core i7,4.7,0,4,0,No,0,1,0,0,0,1,0,0
15,Yes,13.5,0,4.78,2019,0,0,0,1,0,0,0,0,0,0,0
18,Yes,13.3,Intel Core i7-7600U,4.78,0,2,0,Yes,1,0,0,0,0,0,0,0
19,Yes,13.3,10th Generation Intel Core i5-1035G4,4.78,0,4,0,Yes,1,0,0,0,0,0,0,0
20,Yes,13.3,8th Generation Intel Core i7-8565U,4.78,0,4,0,Yes,1,0,0,0,0,0,0,0
25,Yes,13.3,Intel Core i7 - 7600U,4.78,0,2,0,Yes,1,0,0,0,0,0,0,0
29,Yes,13.3,Intel Core i7-10510U,4.78,0,4,0,Yes,1,0,0,0,0,0,0,0
35,Yes,13.3,Intel Core i5 - 7200U,4.78,0,2,0,Yes,1,0,0,0,0,0,0,0
209,Yes,13.3,Intel Celeron N4000,0,0,2,0,Yes,0,1,0,0,0,0,0,0
817,Yes,13.3,MTK 8173C,4.14,0,4,0,Yes,0,0,0,0,0,0,1,0
877,Yes,13.3,MediaTek M8173C,0,0,4,0,Yes,0,0,0,0,0,0,1,0
878,Yes,13.3,MediaTek M8173C,0,0,4,0,Yes,0,0,0,0,0,0,1,0
269,Yes,13.3,Intel Core i7 8550U,4.7,0,0,0,No,0,1,0,0,0,0,0,0
321,Yes,13.3,Intel i7-5600U,4.7,0,2,0,No,0,1,0,0,0,0,0,0
874,Yes,13.3,0,0,0,4,0,No,0,0,0,0,0,0,1,0
875,Yes,13.3,0,0,0,4,0,No,0,0,0,0,0,0,1,0
135,Yes,13.3,Intel Core i5-8350U,4.7,0,4,0,0,0,1,0,0,0,0,0,0
763,Yes,13.3,8th Gen Intel Core m3,4.14,0,0,0,0,0,0,0,0,0,0,1,0
764,Yes,13.3,8th Gen Intel Core i5,4.14,0,0,0,0,0,0,0,0,0,0,1,0
795,Yes,13.3,8th Gen Intel Core i5,4.14,0,0,0,0,0,0,0,0,0,0,1,0
824,Yes,13.3,8th Gen Intel Core i7,4.14,0,0,0,0,0,0,0,0,0,0,1,0
876,Yes,13.3,MediaTek M8173C,0,0,4,0,0,0,0,0,0,0,0,1,0
879,Yes,13.3,MediaTek,0,0,4,0,0,0,0,0,0,0,0,1,0
880,Yes,13.3,MediaTek,0,0,4,0,0,0,0,0,0,0,0,1,0
881,Yes,13.3,Quad-core (4 Core),0,0,4,0,0,0,0,0,0,0,0,1,0
1047,Yes,13.3,Quad-Core 8th Gen Intel® Core™ i7-8550U Processor with Hyper Threading up to 4.0 GHz,0,0,4,0,0,0,0,0,0,0,0,0,1
1,Yes,13,Intel Core i5-8265U,4.78,0,4,0,Yes,1,0,0,0,0,0,0,0
30,Yes,13,"Intel Core i3-6006U Processor (Dual Core, 2.0GHz, 3M cache,1 5W)",4.78,0,2,0,0,1,0,0,0,0,0,0,0
356,Yes,13,Intel Core i7-8565U CPU @ 1.80GHz,4.7,0,0,0,0,0,1,0,0,0,0,0,0
34,Yes,12.5,Intel Core i7-4600U,4.78,0,2,0,Yes,1,0,0,0,0,0,0,0
155,Yes,12.5,Intel Core i7-5600U,4.7,0,2,0,Yes,0,1,0,0,0,0,0,0
826,Yes,12.3,Intel Kaby Lake-Y i7,4.14,0,7,0,Yes,0,0,0,0,0,0,1,0
16,Yes,12.2,0,4.78,0,0,0,0,1,0,0,0,0,0,0,0
332,Yes,12.1,Intel Core 2 Duo SU9300,4.7,0,2,0,0,0,1,0,0,0,0,0,0
28,Yes,11.6,Intel® Celeron® N3050,4.78,0,2,0,Yes,1,0,0,0,0,0,0,0
31,Yes,11.6,Intel Core i5 - 4200U,4.78,0,2,0,Yes,1,0,0,0,0,0,0,0
32,Yes,11.6,Intel Core i5 4200u,4.78,0,2,0,Yes,1,0,0,0,0,0,0,0
747,Yes,11.6,Intel Celeron N4100,4.14,0,4,0,Yes,0,0,0,0,0,0,1,0
749,Yes,11.6,Celeron N3060,4.14,0,0,0,Yes,0,0,0,0,0,0,1,0
803,Yes,11.6,Intel Celeron N3350,4.14,0,2,0,Yes,0,0,0,0,0,0,1,0
804,Yes,11.6,Intel Celeron N3160,4.14,0,4,0,Yes,0,0,0,0,0,0,1,0
806,Yes,11.6,Intel Celeron N3060 1.60GHz Dual Core,4.14,0,2,0,Yes,0,0,0,0,0,0,1,0
873,Yes,11.6,Intel Celeron N3350 1.1GHz,0,0,2,0,Yes,0,0,0,0,0,0,1,0
833,Yes,11.6,Intel Celeron N3350,0,0,2,0,No,0,0,0,0,0,0,1,0
858,Yes,11.6,Intel Celeron 3855U,0,0,2,0,No,0,0,0,0,0,0,1,0
860,Yes,11.6,Intel Celeron N3060,0,0,2,0,No,0,0,0,0,0,0,1,0
923,Yes,11.6,Intel Dual-Core Celeron N3350,0,0,2,0,No,0,0,0,0,0,0,1,0
748,Yes,11.6,MediaTek MT8173c,4.14,0,4,0,0,0,0,0,0,0,0,1,0
774,Yes,11.6,0,0,0,0,0,0,0,0,0,0,0,0,1,0
805,Yes,11.6,Intel Celeron N3160,4.14,0,4,0,0,0,0,0,0,0,0,1,0
835,Yes,11.6,0,0,0,0,0,0,0,0,0,0,0,0,1,0
862,Yes,11.6,Intel&nbsp;Celeron N3060,0,0,2,0,0,0,0,0,0,0,0,1,0
864,Yes,11.6,Intel Celeron processor,0,0,0,0,0,0,0,0,0,0,0,1,0
386,Yes,11,Celeron N3150,4.7,0,0,0,0,0,1,0,0,0,0,0,0
754,Yes,11,Intel Celeron N3350,4.14,0,0,0,0,0,0,0,0,0,0,1,0
827,Yes,10.1,OP1 (Rockchip 3399),4.14,0,0,0,Yes,0,0,0,0,0,0,1,0
895,Yes,10.1,Rockchip RK3399 Quad-Core,0,0,2,0,Yes,0,0,0,0,0,0,1,0
371,Yes,0,Intel Core i7-8550U CPU @ 1.80GHz,4.7,0,0,Silver,0,0,1,0,0,0,0,0,0
757,Yes,0,Intel Celeron N3060,4.14,0,0,Black,0,0,0,0,0,0,0,1,0
794,Yes,0,Intel Core m3-8100Y,4.14,0,2,0,Yes,0,0,0,0,0,0,1,0
897,Yes,0,Intel Celeron N4100,0,0,4,0,Yes,0,0,0,0,0,0,1,0
23,Yes,0,INTEL CORE I7-8550U CPU @ 1.80GHZ,4.78,0,0,0,No,1,0,0,0,0,0,0,0
75,Yes,0,Intel Core i7-8550U,4.7,0,4,0,No,0,1,0,0,0,0,0,0
111,Yes,0,8th Generation Intel Core i5-8265U,4.7,0,4,0,No,0,1,0,0,0,0,0,0
145,Yes,0,Intel Core i7 8565U,4.7,0,0,0,No,0,1,0,0,0,0,0,0
815,Yes,0,PQC N4200,4.14,0,4,0,No,0,0,0,0,0,0,1,0
832,Yes,0,AMD Dual-Core A4-9120C,0,0,2,0,No,0,0,0,0,0,0,1,0
899,Yes,0,Intel Core i3-8130U,0,0,2,0,No,0,0,0,0,0,0,1,0
21,Yes,0,Intel Core i5-8350U CPU @ 1.70GHz,4.78,0,0,0,0,1,0,0,0,0,0,0,0
76,Yes,0,Intel Core i7-8550U,4.7,0,4,0,0,0,1,0,0,0,0,0,0
137,Yes,0,Intel Core i5-8265U,4.7,0,4,0,0,0,1,0,0,0,0,0,0
151,Yes,0,Core i5,4.7,0,0,0,0,0,1,0,0,0,0,0,0
359,Yes,0,"8th Generation Intel® Core™ i7-8565U, 8 MB Cache, up to 4.60 GHz",4.7,0,0,0,0,0,1,0,0,0,0,0,0
369,Yes,0,"10th Generation Intel® Core™ i7-10510U, 8 MB Cache, 4 Core, up to 4.90 GHz",4.7,0,0,0,0,0,1,0,0,0,0,0,0
370,Yes,0,0,4.7,0,0,0,0,0,1,0,0,0,0,0,0
768,Yes,0,Pentium Gold,4.14,0,0,0,0,0,0,0,0,0,0,1,0
769,Yes,0,Core i3,4.14,0,0,0,0,0,0,0,0,0,0,1,0
775,Yes,0,Celeron,0,0,0,0,0,0,0,0,0,0,0,1,0
793,Yes,0,Intel Quad-Core Pentium N4200,4.14,0,4,0,0,0,0,0,0,0,0,1,0
836,Yes,0,Celeron,0,0,0,0,0,0,0,0,0,0,0,1,0
837,Yes,0,Celeron,0,0,0,0,0,0,0,0,0,0,0,1,0
838,Yes,0,Celeron,0,0,0,0,0,0,0,0,0,0,0,1,0
861,Yes,0,Intel Celeron N3350,0,0,2,0,0,0,0,0,0,0,0,1,0
887,Yes,0,Pentium,0,0,0,0,0,0,0,0,0,0,0,1,0
891,Yes,0,Core i5,0,0,0,0,0,0,0,0,0,0,0,1,0
894,Yes,0,Core i3,0,0,0,0,0,0,0,0,0,0,0,1,0
896,Yes,0,Intel Celeron N4000,0,0,0,0,0,0,0,0,0,0,0,1,0
926,Yes,0,Intel Celeron N2840,0,0,0,0,0,0,0,0,0,0,0,1,0
927,Yes,0,0,0,0,0,0,0,0,0,0,0,0,0,1,0
984,Yes,0,Intel Core i7-8750H,0,0,6,0,0,0,0,0,0,0,0,0,1
65,No,17.3,Intel Core i5-8250U,4.7,0,4,0,No,0,1,0,0,0,0,0,0
73,No,17.3,Intel Core i7-8550U,4.7,0,4,0,No,0,1,0,0,0,0,0,0
84,No,17.3,Intel Core i5-10210U,4.7,0,4,0,No,0,1,0,0,0,0,0,0
112,No,17.3,8th Generation Intel Core i5-8265U,4.7,0,4,0,No,0,1,0,0,0,0,0,0
115,No,17.3,10th Gen Intel Core i5-10210U,4.7,0,4,0,No,0,1,0,0,0,0,0,0
147,No,17.3,Intel i7-8565U,4.7,0,4,0,No,0,1,0,0,0,0,0,0
299,No,17.3,10th Generation Intel Core i5-10210U,4.7,0,4,0,No,0,1,0,0,0,0,0,0
300,No,17.3,Intel Core i5 (8th Gen),4.7,0,4,0,No,0,1,0,0,0,0,0,0
934,No,17.3,Intel Core i5-9300H,0,0,4,0,No,0,0,0,0,0,0,0,1
952,No,17.3,Intel Core i7-9750H,0,0,6,0,No,0,0,0,0,0,0,0,1
953,No,17.3,Intel Core i7-9750H,0,0,6,0,No,0,0,0,0,0,0,0,1
954,No,17.3,Intel Core i7-9750H,0,0,6,0,No,0,0,0,0,0,0,0,1
955,No,17.3,Intel Core i7-9750H,0,0,6,0,No,0,0,0,0,0,0,0,1
956,No,17.3,Intel Core i7-9750H,0,0,6,0,No,0,0,0,0,0,0,0,1
957,No,17.3,Intel Core i7-9750H,0,0,6,0,No,0,0,0,0,0,0,0,1
969,No,17.3,9th Generation Intel Core i7-9750H,0,0,6,0,No,0,0,0,0,0,0,0,1
990,No,17.3,Intel Core i7-8750H,0,0,6,0,No,0,0,0,0,0,0,0,1
997,No,17.3,Intel i7-8750H,0,0,6,0,No,0,0,0,0,0,0,0,1
998,No,17.3,Intel i7-8750H,0,0,6,0,No,0,0,0,0,0,0,0,1
1019,No,17.3,Intel Core i7 8750H,0,0,6,0,No,0,0,0,0,0,0,0,1
1020,No,17.3,Intel Core i7 8750H,0,0,6,0,No,0,0,0,0,0,0,0,1
1051,No,17.3,Intel Xeon E-2186G,0,0,6,0,No,0,0,0,0,0,0,0,1
1054,No,17.3,Intel i7-8565U,0,0,4,0,No,0,0,0,0,0,0,0,1
958,No,17.3,Intel Core i7-9750H,0,0,6,0,0,0,0,0,0,0,0,0,1
959,No,17.3,Intel Core i7-9750H,0,0,6,0,0,0,0,0,0,0,0,0,1
989,No,17.3,Intel Core i7-8750H,0,0,6,0,0,0,0,0,0,0,0,0,1
993,No,17.3,Intel Core i7-8750H,0,0,6,0,0,0,0,0,0,0,0,0,1
1048,No,17.3,Intel 9th Generation Core i7-9750H,0,0,0,0,0,0,0,0,0,0,0,0,1
1052,No,17.3,Intel Core i7-6700HQ,0,0,4,0,0,0,0,0,0,0,0,0,1
1061,No,17.3,AMD Ryzen 7 3750H,0,0,4,0,0,0,0,0,0,0,0,0,1
1074,No,17,Intel Core i7-9750H CPU @ 2.60GHz,0,0,0,0,0,0,0,0,0,0,0,0,1
539,No,16,Intel Core i9,0,2019,8,0,No,0,0,0,0,1,0,0,0
540,No,16,Intel Core i7,0,2019,6,0,No,0,0,0,0,1,0,0,0
167,No,15.6,10th Gen Intel Core i3-1005G1,4.7,0,2,0,Yes,0,1,0,0,0,0,0,0
39,No,15.6,Intel Core i3-8130U,4.7,0,2,0,No,0,1,0,0,0,0,0,0
40,No,15.6,Intel Core i5-8265U,4.7,0,4,0,No,0,1,0,0,0,0,0,0
41,No,15.6,Intel Core i5-8265U,4.7,0,4,0,No,0,1,0,0,0,0,0,0
42,No,15.6,Intel Core i5-8265U,4.7,0,4,0,No,0,1,0,0,0,0,0,0
43,No,15.6,Intel Core i5-8265U,4.7,0,4,0,No,0,1,0,0,0,0,0,0
47,No,15.6,Intel Core i5-8265U,4.7,0,4,0,No,0,1,0,0,0,0,0,0
50,No,15.6,Intel Core i7-8565U,4.7,0,4,0,No,0,1,0,0,0,0,0,0
51,No,15.6,Intel Core i7-8565U,4.7,0,4,0,No,0,1,0,0,0,0,0,0
52,No,15.6,Intel Core i7-8565U,4.7,0,4,0,No,0,1,0,0,0,0,0,0
53,No,15.6,Intel Core i7-8565U,4.7,0,4,0,No,0,1,0,0,0,0,0,0
55,No,15.6,Intel Core i7-8565U,4.7,0,4,0,No,0,1,0,0,0,0,0,0
68,No,15.6,Intel Core i7-8550U,4.7,0,4,0,No,0,1,0,0,0,0,0,0
69,No,15.6,Intel Core i7-8550U,4.7,0,4,0,No,0,1,0,0,0,0,0,0
79,No,15.6,AMD Ryzen 5 3500U,4.7,0,4,0,No,0,1,0,0,0,0,0,0
80,No,15.6,AMD Ryzen R7 3700U,4.7,0,4,0,No,0,1,0,0,0,0,0,0
81,No,15.6,Intel Core i5-10210U,4.7,0,4,0,No,0,1,0,0,0,0,0,0
82,No,15.6,Intel Core i5-10210U,4.7,0,4,0,No,0,1,0,0,0,0,0,0
83,No,15.6,Intel Core i5-10210U,4.7,0,4,0,No,0,1,0,0,0,0,0,0
87,No,15.6,8th Gen Intel Core i7-8565U,4.7,0,4,0,No,0,1,0,0,0,0,0,0
89,No,15.6,Intel Core i7-10510U,4.7,0,4,0,No,0,1,0,0,0,0,0,0
90,No,15.6,AMD Quad Core R5-3500U,4.7,0,4,0,No,0,1,0,0,0,0,0,0
92,No,15.6,Intel Core i3-10110U,4.7,0,2,0,No,0,1,0,0,0,0,0,0
93,No,15.6,AMD Ryzen 5 2500U,4.7,0,4,0,No,0,1,0,0,0,0,0,0
94,No,15.6,"9th Generation Intel Core i5-9300H (8MB Cache, up to 4.1 GHz, 4 cores)",4.7,0,4,0,No,0,1,0,0,0,0,0,0
95,No,15.6,AMD Ryzen R5 3500U,4.7,0,4,0,No,0,1,0,0,0,0,0,0
96,No,15.6,AMD A12-9720P,4.7,0,4,0,No,0,1,0,0,0,0,0,0
106,No,15.6,Intel Core i5-9300H,4.7,0,4,0,No,0,1,0,0,0,0,0,0
110,No,15.6,8th Generation Intel Core i5-8265U,4.7,0,4,0,No,0,1,0,0,0,0,0,0
148,No,15.6,Intel i7-8565U,4.7,0,4,0,No,0,1,0,0,0,0,0,0
159,No,15.6,7th Generation AMD A6-9225 Processor,4.7,0,2,0,No,0,1,0,0,0,0,0,0
160,No,15.6,AMD A6-9225,4.7,0,2,0,No,0,1,0,0,0,0,0,0
161,No,15.6,AMD A6-9225,4.7,0,2,0,No,0,1,0,0,0,0,0,0
163,No,15.6,AMD Dual Core R3-3200U,4.7,0,2,0,No,0,1,0,0,0,0,0,0
164,No,15.6,AMD Dual Core R3-3200U,4.7,0,4,0,No,0,1,0,0,0,0,0,0
165,No,15.6,AMD Dual Core A6-9225,4.7,0,2,0,No,0,1,0,0,0,0,0,0
166,No,15.6,10th Gen Intel Core i3-1005G1,4.7,0,2,0,No,0,1,0,0,0,0,0,0
168,No,15.6,10th Gen Intel Core i5-1035G1,4.7,0,4,0,No,0,1,0,0,0,0,0,0
169,No,15.6,10th Gen Intel Core i5-1035G1,0,0,4,0,No,0,1,0,0,0,0,0,0
170,No,15.6,10th Generation Intel Core i5-1035G1,4.7,0,4,0,No,0,1,0,0,0,0,0,0
171,No,15.6,AMD A6-9220e,4.7,0,2,0,No,0,1,0,0,0,0,0,0
173,No,15.6,8th Gen Intel Core i5-8265U,4.7,0,4,0,No,0,1,0,0,0,0,0,0
174,No,15.6,10th Generation Intel Core i7-1065G7,4.7,0,4,0,No,0,1,0,0,0,0,0,0
175,No,15.6,10th Gen Intel Core i7-1065G7,4.7,0,4,0,No,0,1,0,0,0,0,0,0
176,No,15.6,Intel Core i3-8145U,4.7,0,2,0,No,0,1,0,0,0,0,0,0
177,No,15.6,Intel Core i3-8145U,4.7,0,2,0,No,0,1,0,0,0,0,0,0
178,No,15.6,Intel Core i3-8145U,4.7,0,2,0,No,0,1,0,0,0,0,0,0
179,No,15.6,AMD A4-9125 Dual-Core,4.7,0,2,0,No,0,1,0,0,0,0,0,0
180,No,15.6,AMD A9-9420e,4.7,0,2,0,No,0,1,0,0,0,0,0,0
181,No,15.6,AMD A9-9420e,4.7,0,2,0,No,0,1,0,0,0,0,0,0
183,No,15.6,AMD Quad Core A12-9720P,4.7,0,4,0,No,0,1,0,0,0,0,0,0
184,No,15.6,AMD Quad Core A12-9720P,4.7,0,4,0,No,0,1,0,0,0,0,0,0
185,No,15.6,8th Generation Intel Core i3-8145U,4.7,0,2,0,No,0,1,0,0,0,0,0,0
186,No,15.6,AMD A4-9120E,4.7,0,2,0,No,0,1,0,0,0,0,0,0
188,No,15.6,Pentium 5405U,4.7,0,2,0,No,0,1,0,0,0,0,0,0
189,No,15.6,AMD E2-9000,4.7,0,2,0,No,0,1,0,0,0,0,0,0
194,No,15.6,AMD Ryzen 3 2200U,4.7,0,2,0,No,0,1,0,0,0,0,0,0
236,No,15.6,AMD A4-9125,4.7,0,2,0,No,0,1,0,0,0,0,0,0
257,No,15.6,Intel Celeron N3450,0,0,0,0,No,0,1,0,0,0,0,0,0
271,No,15.6,AMD Ryzen 5 2500U Processor,4.7,0,4,0,No,0,1,0,0,0,0,0,0
272,No,15.6,AMD Quad Core A10-9620P,4.7,0,4,0,No,0,1,0,0,0,0,0,0
273,No,15.6,Intel Core i5 (3rd Gen) 3230M / 2.6 GHz Dual-Core,4.7,0,2,0,No,0,1,0,0,0,0,0,0
309,No,15.6,AMD A9-9420,4.7,0,2,0,No,0,1,0,0,0,0,0,0
310,No,15.6,Intel Core i7-1065G7,4.7,0,4,0,No,0,1,0,0,0,0,0,0
311,No,15.6,Intel Pentium Gold 5405U,4.7,0,2,0,No,0,1,0,0,0,0,0,0
336,No,15.6,8th Generation Intel Core i7-8550U,4.7,0,4,0,No,0,1,0,0,0,0,0,0
738,No,15.6,Intel Dual-Core Celeron N3350,4.14,0,2,0,No,0,0,0,0,0,0,1,0
744,No,15.6,Intel X5-E8000,4.14,0,4,0,No,0,0,0,0,0,0,1,0
745,No,15.6,AMD A4-9120C,4.14,0,2,0,No,0,0,0,0,0,0,1,0
788,No,15.6,Intel Celeron N3060,4.14,0,2,0,No,0,0,0,0,0,0,1,0
789,No,15.6,Intel Celeron N3060,4.14,0,2,0,No,0,0,0,0,0,0,1,0
790,No,15.6,AMD A4-9120C,4.14,0,2,0,No,0,0,0,0,0,0,1,0
830,No,15.6,AMD A4-9120C,0,0,2,0,No,0,0,0,0,0,0,1,0
928,No,15.6,Intel Core i5-9300H,0,0,4,0,No,0,0,0,0,0,0,0,1
929,No,15.6,Intel Core i5-9300H,0,0,4,0,No,0,0,0,0,0,0,0,1
935,No,15.6,Intel Core i5-9300H,0,0,4,0,No,0,0,0,0,0,0,0,1
938,No,15.6,Intel Core i7-9750H,0,0,6,0,No,0,0,0,0,0,0,0,1
939,No,15.6,Intel Core i7-9750H,0,0,6,0,No,0,0,0,0,0,0,0,1
940,No,15.6,Intel Core i7-9750H,0,0,6,0,No,0,0,0,0,0,0,0,1
941,No,15.6,Intel Core i7-9750H,0,0,6,0,No,0,0,0,0,0,0,0,1
942,No,15.6,Intel Core i7-9750H,0,0,6,0,No,0,0,0,0,0,0,0,1
943,No,15.6,Intel Core i7-9750H,0,0,6,0,No,0,0,0,0,0,0,0,1
944,No,15.6,Intel Core i7-9750H,0,0,6,0,No,0,0,0,0,0,0,0,1
945,No,15.6,Intel Core i7-9750H,0,0,6,0,No,0,0,0,0,0,0,0,1
946,No,15.6,Intel Core i7-9750H,0,0,6,0,No,0,0,0,0,0,0,0,1
947,No,15.6,Intel Core i7-9750H,0,0,6,0,No,0,0,0,0,0,0,0,1
948,No,15.6,Intel Core i7-9750H,0,0,6,0,No,0,0,0,0,0,0,0,1
949,No,15.6,Intel Core i7-9750H,0,0,6,0,No,0,0,0,0,0,0,0,1
968,No,15.6,9th Generation Intel Core i7-9750H,0,0,6,0,No,0,0,0,0,0,0,0,1
970,No,15.6,AMD Ryzen 7-3750H,0,0,4,0,No,0,0,0,0,0,0,0,1
971,No,15.6,AMD Ryzen 7-3750H,0,0,4,0,No,0,0,0,0,0,0,0,1
975,No,15.6,Intel Core i7-8750H,0,0,6,0,No,0,0,0,0,0,0,0,1
976,No,15.6,Intel Core i7-8750H,0,0,6,0,No,0,0,0,0,0,0,0,1
977,No,15.6,Intel Core i7-8750H,0,0,6,0,No,0,0,0,0,0,0,0,1
978,No,15.6,Intel Core i7-8750H,0,0,6,0,No,0,0,0,0,0,0,0,1
995,No,15.6,Intel i7-8750H,0,0,6,0,No,0,0,0,0,0,0,0,1
996,No,15.6,Intel i7-8750H,0,0,6,0,No,0,0,0,0,0,0,0,1
999,No,15.6,AMD Ryzen 5 3550H,0,0,4,0,No,0,0,0,0,0,0,0,1
1000,No,15.6,AMD Ryzen 5 3550H,0,0,4,0,No,0,0,0,0,0,0,0,1
1001,No,15.6,AMD Ryzen 5 3550H,0,0,4,0,No,0,0,0,0,0,0,0,1
1003,No,15.6,Intel Ci5 9300H,0,0,4,0,No,0,0,0,0,0,0,0,1
1004,No,15.6,AMD Ryzen 5-3550H,0,0,4,0,No,0,0,0,0,0,0,0,1
1006,No,15.6,7th Generation Intel Core i5-7300HQ Quad Core,0,0,4,0,No,0,0,0,0,0,0,0,1
1007,No,15.6,Intel Ci7 9750H,0,0,6,0,No,0,0,0,0,0,0,0,1
1008,No,15.6,Intel Core i5-8300H,0,0,4,0,No,0,0,0,0,0,0,0,1
1011,No,15.6,AMD Ryzen 5 2500U,0,0,4,0,No,0,0,0,0,0,0,0,1
1012,No,15.6,Intel Core i7-8750H 2.20 GHz,0,0,6,0,No,0,0,0,0,0,0,0,1
1014,No,15.6,Intel Core i7-7700HQ,0,0,4,0,No,0,0,0,0,0,0,0,1
1015,No,15.6,Intel Core i7-7700HQ,0,0,4,0,No,0,0,0,0,0,0,0,1
1050,No,15.6,Intel i5 8300H,0,0,4,0,No,0,0,0,0,0,0,0,1
62,No,15.6,Intel Core i5-8250U,4.7,0,4,0,0,0,1,0,0,0,0,0,0
88,No,15.6,8th Gen Intel Core i7-8565U,4.7,0,4,0,0,0,1,0,0,0,0,0,0
187,No,15.6,AMD A9-9420E,4.7,0,2,0,0,0,1,0,0,0,0,0,0
193,No,15.6,AMD A9-9425,4.7,0,2,0,0,0,1,0,0,0,0,0,0
260,No,15.6,Intel Core i5-4300M,4.7,0,2,0,0,0,1,0,0,0,0,0,0
261,No,15.6,Intel Core i5-4300M,4.7,0,2,0,0,0,1,0,0,0,0,0,0
262,No,15.6,Intel Core i5-4300M,4.7,0,2,0,0,0,1,0,0,0,0,0,0
312,No,15.6,Intel Core i5 4340M,4.7,0,0,0,0,0,1,0,0,0,0,0,0
315,No,15.6,AMD Ryzen 5 2500u Quad-Core Processor,4.7,0,0,0,0,0,1,0,0,0,0,0,0
855,No,15.6,Celeron,0,0,2,0,0,0,0,0,0,0,0,1,0
936,No,15.6,Intel Core i5-9300H,0,0,4,0,0,0,0,0,0,0,0,0,1
972,No,15.6,Intel Core i7-8750H,0,0,6,0,0,0,0,0,0,0,0,0,1
973,No,15.6,Intel Core i7-8750H,0,0,6,0,0,0,0,0,0,0,0,0,1
974,No,15.6,Intel Core i7-8750H,0,0,6,0,0,0,0,0,0,0,0,0,1
979,No,15.6,Intel Core i7-8750H,0,0,6,0,0,0,0,0,0,0,0,0,1
1009,No,15.6,Intel Core i5-8300H,0,0,4,0,0,0,0,0,0,0,0,0,1
1057,No,15.6,Intel® Core™ i5 9300H Processor,0,0,0,0,0,0,0,0,0,0,0,0,1
718,No,15.4,0,0,2018,0,space grey,0,0,0,0,0,1,0,0,0
537,No,15.4,Intel Core i9,0,2019,8,0,No,0,0,0,0,1,0,0,0
538,No,15.4,Intel Core i7,0,2019,6,0,No,0,0,0,0,1,0,0,0
566,No,15.4,Intel Core i7,0,2018,6,0,No,0,0,0,0,1,0,0,0
584,No,15.4,Intel Core i7,0,2015,0,0,No,0,0,0,0,1,0,0,0
657,No,15.4,"Core i7 ""Skylake"" (I7-6820HQ) Quad Core",0,2016,4,0,No,0,0,0,0,1,0,0,0
667,No,15.4,Intel Core i7-2635,0,2011,4,0,No,0,0,0,0,1,0,0,0
583,No,15.4,Intel Core I7 4980HQ,0,2015,4,0,0,0,0,0,0,1,0,0,0
614,No,15.4,Intel Core I7 4960HQ,0,2013,4,0,0,0,0,0,0,1,0,0,0
615,No,15.4,Intel Core i7,0,2013,4,0,0,0,0,0,0,1,0,0,0
633,No,15.4,Intel Core i7 processor (Turbo Boost up to 3.4GHz),0,2014,8,0,0,0,0,0,0,1,0,0,0
650,No,15.4,Intel Core i7,0,2012,4,0,0,0,0,0,0,1,0,0,0
733,No,15.4,Intel Core I7 4750HQ,0,2013,4,0,0,0,0,0,0,1,0,0,0
689,No,15,0,0,2012,0,Silver,0,0,0,0,0,1,0,0,0
937,No,15,Intel Core i5-9300H,0,0,4,0,No,0,0,0,0,0,0,0,1
1034,No,15,"9th Generation Intel® Core™ i5-9300H (8MB Cache, up to 4.1 GHz, 4 cores)",0,0,0,0,No,0,0,0,0,0,0,0,1
1035,No,15,"9th Generation Intel® Core™ i5-9300H (8MB Cache, up to 4.1 GHz, 4 cores)",0,0,0,0,No,0,0,0,0,0,0,0,1
676,No,15,0,0,2013,0,0,0,0,0,0,0,1,0,0,0
1023,No,15,"9th Generation Intel® Core™ i7-9750H (12MB Cache, up to 4.5 GHz, 6 cores)",0,0,0,0,0,0,0,0,0,0,0,0,1
1025,No,15,"9th Generation Intel® Core™ i7-9750H (12MB Cache, up to 4.5 GHz, 6 cores)",0,0,0,0,0,0,0,0,0,0,0,0,1
1026,No,15,"9th Generation Intel® Core™ i7-9750H (12MB Cache, up to 4.5 GHz, 6 cores)",0,0,0,0,0,0,0,0,0,0,0,0,1
1027,No,15,"9th Generation Intel® Core™ i7-9750H (12MB Cache, up to 4.5 GHz, 6 cores)",0,0,0,0,0,0,0,0,0,0,0,0,1
1028,No,15,"9th Generation Intel® Core™ i7-9750H (12MB Cache, up to 4.5 GHz, 6 cores)",0,0,0,0,0,0,0,0,0,0,0,0,1
1029,No,15,"9th Generation Intel® Core™ i7-9750H (12MB Cache, up to 4.5 GHz, 6 cores)",0,0,0,0,0,0,0,0,0,0,0,0,1
1030,No,15,"9th Generation Intel® Core™ i7-9750H (12MB Cache, up to 4.5 GHz, 6 cores)",0,0,0,0,0,0,0,0,0,0,0,0,1
1031,No,15,"9th Generation Intel® Core™ i7-9750H (12MB Cache, up to 4.5 GHz, 6 cores)",0,0,0,0,0,0,0,0,0,0,0,0,1
1032,No,15,"9th Generation Intel® Core™ i7-9750H (12MB Cache, up to 4.5 GHz, 6 cores)",0,0,0,0,0,0,0,0,0,0,0,0,1
1033,No,15,"9th Generation Intel® Core™ i7-9750H (12MB Cache, up to 2.6GHz, 6 cores)",0,0,0,0,0,0,0,0,0,0,0,0,1
1036,No,15,"9th Generation Intel® Core™ i5-9300H (8MB Cache, up to 4.1 GHz, 4 cores)",0,0,0,0,0,0,0,0,0,0,0,0,1
1049,No,15,"9th Generation Intel® Core™ i9-9980HK Processor (12MB Cache, up to 4.8 GHz, 6 cores)",0,0,0,0,0,0,0,0,0,0,0,0,1
1063,No,15,"9th Generation Intel® Core™ i5-9300H (8MB Cache, up to 4.1 GHz, 4 cores)",0,0,0,0,0,0,0,0,0,0,0,0,1
1080,No,15,Intel Core i7-8750H CPU @ 2.20GHz,0,0,0,0,0,0,0,0,0,0,0,0,1
157,No,14.1,Intel Core I7-6600U,4.7,0,2,0,No,0,1,0,0,0,0,0,0
274,No,14.1,Intel Cherrytrail Atom x5 Z8350 Processor,4.7,0,4,0,No,0,1,0,0,0,0,0,0
44,No,14,Intel Core i5-8265U,4.7,0,4,0,No,0,1,0,0,0,0,0,0
45,No,14,Intel Core i5-8265U,4.7,0,4,0,No,0,1,0,0,0,0,0,0
46,No,14,Intel Core i5-8265U,4.7,0,4,0,No,0,1,0,0,0,0,0,0
49,No,14,Intel Core i5-8265U,4.7,0,4,0,No,0,1,0,0,0,0,0,0
56,No,14,Intel Core i7-8565U,4.7,0,4,0,No,0,1,0,0,0,0,0,0
59,No,14,Intel Core i5-8250U,4.7,0,4,0,No,0,1,0,0,0,0,0,0
60,No,14,Intel Core i5-8250U,4.7,0,4,0,No,0,1,0,0,0,0,0,0
61,No,14,Intel Core i5-8250U,4.7,0,4,0,No,0,1,0,0,0,0,0,0
66,No,14,Intel Core i5-8250U,4.7,0,4,0,No,0,1,0,0,0,0,0,0
74,No,14,Intel Core i7-8550U,4.7,0,4,0,No,0,1,0,0,0,0,0,0
86,No,14,8th Generation Intel Core i5-8250U Processor,4.7,0,4,0,No,0,1,0,0,0,0,0,0
91,No,14,AMD Quad Core R5-3500U,4.7,0,4,0,No,0,1,0,0,0,0,0,0
116,No,14,"10th Gen Intel Core i5-1035G1 Processor (6MB Cache, up to 3.6 GHz)",4.7,0,4,0,No,0,1,0,0,0,0,0,0
127,No,14,Intel Pentium N5000,4.7,0,4,0,No,0,1,0,0,0,0,0,0
128,No,14,Intel Core i5 - 6300U,4.7,0,2,0,No,0,1,0,0,0,0,0,0
130,No,14,Intel 6th Gen i7-6600 Processor,4.7,0,0,0,No,0,1,0,0,0,0,0,0
156,No,14,Intel Core i7-5600U,4.7,0,2,0,No,0,1,0,0,0,0,0,0
172,No,14,AMD A6-9220e,4.7,0,2,0,No,0,1,0,0,0,0,0,0
206,No,14,Intel Celeron N4000,4.7,0,2,0,No,0,1,0,0,0,0,0,0
211,No,14,Intel Core i5 (8th Gen),4.7,0,4,0,No,0,1,0,0,0,0,0,0
212,No,14,Intel Core i5-4300U,4.7,0,2,0,No,0,1,0,0,0,0,0,0
213,No,14,Intel Core i5-4300U,4.7,0,2,0,No,0,1,0,0,0,0,0,0
217,No,14,AMD Ryzen 3 3200U,4.7,0,2,0,No,0,1,0,0,0,0,0,0
218,No,14,AMD Ryzen 3 3200U,4.7,0,2,0,No,0,1,0,0,0,0,0,0
219,No,14,AMD Ryzen 3 3200U,4.7,0,2,0,No,0,1,0,0,0,0,0,0
220,No,14,Intel Core i5-3320M,4.7,0,2,0,No,0,1,0,0,0,0,0,0
221,No,14,Intel Core i5-3320M,4.7,0,2,0,No,0,1,0,0,0,0,0,0
222,No,14,Intel Core i5 - 4200M,4.7,0,2,0,No,0,1,0,0,0,0,0,0
223,No,14,Intel® Core™  i5-1035G7,4.7,0,4,0,No,0,1,0,0,0,0,0,0
224,No,14,Intel Core i5-6300u,4.7,0,0,0,No,0,1,0,0,0,0,0,0
229,No,14,Intel Celeron N3060,4.7,0,0,0,No,0,1,0,0,0,0,0,0
235,No,14,AMD A4-9125,4.7,0,2,0,No,0,1,0,0,0,0,0,0
237,No,14,Intel Dual-Core Celeron N3060,4.7,0,2,0,No,0,1,0,0,0,0,0,0
276,No,14,Intel Core i5 2520m 2.5GHz,4.7,0,2,0,No,0,1,0,0,0,0,0,0
280,No,14,Intel Core I5 3320M,4.7,0,2,0,No,0,1,0,0,0,0,0,0
281,No,14,Intel Core i5-5300U,4.7,0,2,0,No,0,1,0,0,0,0,0,0
292,No,14,Intel Core i5 4300u,4.7,0,2,0,No,0,1,0,0,0,0,0,0
294,No,14,Intel Core I5 4300U,4.7,0,2,0,No,0,1,0,0,0,0,0,0
297,No,14,Intel Core i5-3427U,0,0,2,0,No,0,1,0,0,0,0,0,0
320,No,14,Intel i7-5600U,4.7,0,2,0,No,0,1,0,0,0,0,0,0
340,No,14,"Intel Core i5-5300U  (3M Cache, 2.30 GHz)",4.7,0,2,0,No,0,1,0,0,0,0,0,0
357,No,14,Intel® Core™ i7-4600u,4.7,0,0,0,No,0,1,0,0,0,0,0,0
735,No,14,MediaTek MT8173C,4.14,0,4,0,No,0,0,0,0,0,0,1,0
736,No,14,MediaTek MT8173C,4.14,0,4,0,No,0,0,0,0,0,0,1,0
758,No,14,2.2 GHz,4.14,0,2,0,No,0,0,0,0,0,0,1,0
782,No,14,MediaTek MT8173C,4.14,0,4,0,No,0,0,0,0,0,0,1,0
799,No,14,AMD Dual-Core A4-9120C APU,4.14,0,0,0,No,0,0,0,0,0,0,1,0
800,No,14,1.1 GHz,4.14,0,2,0,No,0,0,0,0,0,0,1,0
825,No,14,Intel Celeron N3160,4.14,0,4,0,No,0,0,0,0,0,0,1,0
849,No,14,Intel Celeron N3350,0,0,2,0,No,0,0,0,0,0,0,1,0
850,No,14,Intel Celeron N3350,0,0,2,0,No,0,0,0,0,0,0,1,0
117,No,14,Intel Pentium Silver N5000,4.7,0,4,0,0,0,1,0,0,0,0,0,0
126,No,14,Intel Core i5-6300U,0,0,2,0,0,0,1,0,0,0,0,0,0
131,No,14,"5th Generation Intel Core i5-5300u (2.3 GHz, 3MB L3 cache, 2 cores)",4.7,0,2,0,0,0,1,0,0,0,0,0,0
153,No,14,Core i7,4.7,0,0,0,0,0,1,0,0,0,0,0,0
162,No,14,AMD A6-9225,4.7,0,2,0,0,0,1,0,0,0,0,0,0
182,No,14,AMD A9-9420e,4.7,0,2,0,0,0,1,0,0,0,0,0,0
208,No,14,Intel Celeron N4000,4.7,0,2,0,0,0,1,0,0,0,0,0,0
228,No,14,Intel Core i5 4300u,4.7,0,2,0,0,0,1,0,0,0,0,0,0
230,No,14,Intel Celeron Dual Core N3350,4.7,0,0,0,0,0,1,0,0,0,0,0,0
248,No,14,Intel Core i7-4600U,4.7,0,4,0,0,0,1,0,0,0,0,0,0
249,No,14,Intel Core i7-4600U,4.7,0,4,0,0,0,1,0,0,0,0,0,0
252,No,14,Intel Core i5 3210M,4.7,0,2,0,0,0,1,0,0,0,0,0,0
282,No,14,Intel Core i5-5300U,4.7,0,2,0,0,0,1,0,0,0,0,0,0
324,No,14,Intel Core i5-3320M,4.7,0,4,0,0,0,1,0,0,0,0,0,0
328,No,14,Intel Core i5-3210M,4.7,0,2,0,0,0,1,0,0,0,0,0,0
329,No,14,Intel Core i5-3210M,4.7,0,2,0,0,0,1,0,0,0,0,0,0
338,No,14,Intel® Pentium® Silver N5000,4.7,0,4,0,0,0,1,0,0,0,0,0,0
403,No,14,Intel Pentium Silver N5000,0,0,4,0,0,0,1,0,0,0,0,0,0
761,No,14,Intel Celeron N3160,4.14,0,4,0,0,0,0,0,0,0,0,1,0
801,No,14,2955u Dual Core 1.4GHz,4.14,0,2,0,0,0,0,0,0,0,0,1,0
819,No,14,AMD A4-9120C,4.14,0,0,0,0,0,0,0,0,0,0,1,0
820,No,14,MediaTek MTK 8121,4.14,0,0,0,0,0,0,0,0,0,0,1,0
845,No,14,Intel Celeron 2955U Dual-Core 1.4Ghz,0,0,2,0,0,0,0,0,0,0,0,1,0
888,No,14,"AMD Dual-Core A4-9120C APU (1.6 GHz base clock, up to 2.4 GHz max boost clock, 1 MB cache)",0,0,0,0,0,0,0,0,0,0,0,1,0
697,No,13.3,0,0,2014,0,Silver,0,0,0,0,0,1,0,0,0
71,No,13.3,Intel Core i7-8550U,4.7,0,4,0,No,0,1,0,0,0,0,0,0
108,No,13.3,8th Generation Intel Core i5-8265U,4.7,0,4,0,No,0,1,0,0,0,0,0,0
113,No,13.3,10th Gen Intel Core i5-10210U,4.7,0,4,0,No,0,1,0,0,0,0,0,0
132,No,13.3,"10th Gen Intel Core i5-10210U Processor (6MB Cache, up to 4.4 GHz)",4.7,0,4,0,No,0,1,0,0,0,0,0,0
133,No,13.3,"10th Gen Intel Core i7-10710U Processor (12MB Cache, up to 4.6 GHz, 6 cores)",4.7,0,6,0,No,0,1,0,0,0,0,0,0
265,No,13.3,Intel Apollo Lake Celeron N3350 Processor,4.7,0,4,0,No,0,1,0,0,0,0,0,0
337,No,13.3,8th Generation Intel Core i5-8250U,4.7,0,4,0,No,0,1,0,0,0,0,0,0
437,No,13.3,Intel Core i5,0,2019,2,0,No,0,0,0,1,0,0,0,0
438,No,13.3,Intel Core i5,0,2018,2,0,No,0,0,0,1,0,0,0,0
441,No,13.3,Intel Core i5,0,2017,2,0,No,0,0,0,1,0,0,0,0
442,No,13.3,Intel Core i5,0,2017,2,0,No,0,0,0,1,0,0,0,0
443,No,13.3,Intel Core i7,0,2017,2,0,No,0,0,0,1,0,0,0,0
444,No,13.3,Intel Core i5 - 5th Generation,0,2017,2,0,No,0,0,0,1,0,0,0,0
447,No,13.3,1.4GHz dual-core Intel Core i5,0,2014,2,0,No,0,0,0,1,0,0,0,0
448,No,13.3,Intel Core i5 Dual-Core (Haswell) 1.4GHz,0,2014,2,0,No,0,0,0,1,0,0,0,0
452,No,13.3,Intel Core i5-5250U,0,2015,2,0,No,0,0,0,1,0,0,0,0
458,No,13.3,Intel Core i5 2.70 GHz,0,2013,2,0,No,0,0,0,1,0,0,0,0
460,No,13.3,i5,0,2011,2,0,No,0,0,0,1,0,0,0,0
461,No,13.3,Intel Core i5,0,2011,1,0,No,0,0,0,1,0,0,0,0
529,No,13.3,Intel Core i5,0,2019,4,0,No,0,0,0,0,1,0,0,0
530,No,13.3,Intel Core i5,0,2019,4,0,No,0,0,0,0,1,0,0,0
541,No,13.3,Intel Core i5,0,0,4,0,No,0,0,0,0,1,0,0,0
565,No,13.3,Intel Core i5,0,2018,4,0,No,0,0,0,0,1,0,0,0
571,No,13.3,Intel Core i5,0,2017,2,0,No,0,0,0,0,1,0,0,0
593,No,13.3,0,0,2015,0,0,No,0,0,0,0,1,0,0,0
630,No,13.3,Intel Core i5-4278U,0,2014,2,0,No,0,0,0,0,1,0,0,0
665,No,13.3,Intel Core 2 Duo,0,2010,2,0,No,0,0,0,0,1,0,0,0
134,No,13.3,"Intel® Core™ i3-8145U (2.1 GHz base frequency, up to 3.9 GHz with Intel® Turbo Boost Technology, 4 MB cache, 2 cores)",4.7,0,0,0,0,0,1,0,0,0,0,0,0
270,No,13.3,Intel Core i7 8550U,4.7,0,4,0,0,0,1,0,0,0,0,0,0
449,No,13.3,Intel Core I7 4650U,0,2014,2,0,0,0,0,0,1,0,0,0,0
451,No,13.3,Intel Core i5,0,2014,2,0,0,0,0,0,1,0,0,0,0
454,No,13.3,Intel Core I7 5650U,0,2015,2,0,0,0,0,0,1,0,0,0,0
456,No,13.3,1.6GHz dual-core Intel Core i5,0,2015,2,0,0,0,0,0,1,0,0,0,0
462,No,13.3,Intel Core i7,0,2011,4,0,0,0,0,0,1,0,0,0,0
483,No,13.3,0,0,0,2,0,0,0,0,0,1,0,0,0,0
618,No,13.3,Intel Core i5,0,2013,2,0,0,0,0,0,0,1,0,0,0
624,No,13.3,0,0,2013,0,0,0,0,0,0,0,1,0,0,0
625,No,13.3,0,0,2013,0,0,0,0,0,0,0,1,0,0,0
629,No,13.3,dual-core Intel Core i5 processor,0,2014,2,0,0,0,0,0,0,1,0,0,0
644,No,13.3,2.5GHz dual-core Intel Core i5 processor,0,2012,2,0,0,0,0,0,0,1,0,0,0
645,No,13.3,dual-core Intel Core i5 processor,0,2012,2,0,0,0,0,0,0,1,0,0,0
854,No,13.3,Intel 3855U 1.6GHz,0,0,2,0,0,0,0,0,0,0,0,1,0
331,No,13,Intel Core i7-8550U CPU @ 1.80GHz,4.7,0,0,0,No,0,1,0,0,0,0,0,0
355,No,13,Intel Core i7-8565U CPU @ 1.80GHz,4.7,0,0,0,No,0,1,0,0,0,0,0,0
24,No,13,"10th Generation Intel® Core™ i7-1065G7 Processor (8MB Cache, up to 3.9 GHz)",4.78,0,0,0,0,1,0,0,0,0,0,0,0
354,No,13,Intel Core i5-8265U CPU @ 1.60GHz,4.7,0,0,0,0,0,1,0,0,0,0,0,0
502,No,13,INTEL CORE I5 5th Gen,0,2015,0,0,0,0,0,0,1,0,0,0,0
652,No,13,Intel Core i5,0,2012,0,0,0,0,0,0,0,1,0,0,0
125,No,12.5,Intel Core i5-6300U,0,0,2,0,No,0,1,0,0,0,0,0,0
245,No,12.5,Intel Core i5 5300U,4.7,0,0,0,0,0,1,0,0,0,0,0,0
246,No,12.5,Intel Core i5 5300U,4.7,0,0,0,0,0,1,0,0,0,0,0,0
330,No,12.5,Intel Core i5-2520M,4.7,0,2,0,0,0,1,0,0,0,0,0,0
361,No,12.5,Core i5 (3rd Gen) 3320M,0,0,2,0,0,0,1,0,0,0,0,0,0
405,No,12,Intel Core m3,0,2018,2,0,No,0,0,1,0,0,0,0,0
417,No,12,Intel Core M Dual-Core,0,2015,2,0,No,0,0,1,0,0,0,0,0
420,No,12,Intel Core m3 Dual-Core,0,2016,2,0,No,0,0,1,0,0,0,0,0
290,No,12,Intel 4300U,4.7,0,0,0,0,0,1,0,0,0,0,0,0
421,No,12,Intel Core m3 Dual-Core,0,2016,2,0,0,0,0,1,0,0,0,0,0
427,No,12,Intel Core m5,0,0,2,0,0,0,0,1,0,0,0,0,0
207,No,11.6,Intel Celeron N4000,4.7,0,2,0,No,0,1,0,0,0,0,0,0
239,No,11.6,Intel Celeron Processor N4000,4.7,0,0,0,No,0,1,0,0,0,0,0,0
240,No,11.6,Intel Celeron N3855U,4.7,0,2,0,No,0,1,0,0,0,0,0,0
275,No,11.6,Intel Cherrytrail Atom x5 Z8350 Processor,4.7,0,4,0,No,0,1,0,0,0,0,0,0
399,No,11.6,Intel Core M-5Y10c 800MHz/2GHz,0,0,2,0,No,0,1,0,0,0,0,0,0
498,No,11.6,Intel Core I5-4260U,0,2014,2,0,No,0,0,0,1,0,0,0,0
734,No,11.6,MediaTek MT8173C,4.14,2019,4,0,No,0,0,0,0,0,0,1,0
739,No,11.6,Intel Dual-Core Celeron N3060,4.14,0,2,0,No,0,0,0,0,0,0,1,0
740,No,11.6,Intel Celeron N3060,4.14,0,2,0,No,0,0,0,0,0,0,1,0
741,No,11.6,Intel Celeron N3060,4.14,0,0,0,No,0,0,0,0,0,0,1,0
742,No,11.6,Intel® Celeron N3060,4.14,0,2,0,No,0,0,0,0,0,0,1,0
780,No,11.6,Intel Celeron N3060,0,0,0,0,No,0,0,0,0,0,0,1,0
787,No,11.6,Intel Celeron N3060,4.14,0,2,0,No,0,0,0,0,0,0,1,0
798,No,11.6,Intel Atom X5-E8000,4.14,0,4,0,No,0,0,0,0,0,0,1,0
812,No,11.6,Intel Celeron N3060 Dual Core 1.6GHz,4.14,0,2,0,No,0,0,0,0,0,0,1,0
848,No,11.6,Intel Celeron N3350,0,0,2,0,No,0,0,0,0,0,0,1,0
852,No,11.6,Intel Celeron 3855U,0,0,2,0,No,0,0,0,0,0,0,1,0
872,No,11.6,: Intel Celeron N3350 Dual Core 1.1GHz,0,0,2,0,No,0,0,0,0,0,0,1,0
210,No,11.6,Intel Celeron N4000,4.7,0,2,0,0,0,1,0,0,0,0,0,0
737,No,11.6,Intel Dual-Core Celeron N3350,4.14,0,2,0,0,0,0,0,0,0,0,1,0
743,No,11.6,Intel Celeron 2955U 1.4 GHz Dual Core,4.14,0,2,0,0,0,0,0,0,0,0,1,0
753,No,11.6,INTEL Celeron N2840,4.14,0,2,0,0,0,0,0,0,0,0,1,0
784,No,11.6,Intel Dual-Core Celeron N3350,4.14,0,2,0,0,0,0,0,0,0,0,1,0
786,No,11.6,Intel Dual-Core Celeron N3060,4.14,0,2,0,0,0,0,0,0,0,0,1,0
792,No,11.6,INTEL Celeron N2840,0,0,2,0,0,0,0,0,0,0,0,1,0
797,No,11.6,Intel Celeron N2840,4.14,0,2,0,0,0,0,0,0,0,0,1,0
829,No,11.6,Intel Celeron N3060,0,0,2,0,0,0,0,0,0,0,0,1,0
839,No,11.6,Intel&nbsp;Celeron N3350,0,0,2,0,0,0,0,0,0,0,0,1,0
841,No,11.6,Intel Celeron N3060,0,0,0,0,0,0,0,0,0,0,0,1,0
842,No,11.6,Intel Celeron N3060,0,0,0,0,0,0,0,0,0,0,0,1,0
843,No,11.6,Intel Celeron N3060 1.60GHz Dual Core,0,0,2,0,0,0,0,0,0,0,0,1,0
844,No,11.6,Intel Celeron 3205U Dual-core 1.50 GHz,0,0,2,0,0,0,0,0,0,0,0,1,0
851,No,11.6,Intel Celeron N2840 (2.16 GHz),0,0,2,0,0,0,0,0,0,0,0,1,0
900,No,11.6,Intel Celeron N3060 1.60GHz Dual Core,0,0,2,0,0,0,0,0,0,0,0,1,0
524,No,11,Intel Core i5,0,2012,0,0,0,0,0,0,1,0,0,0,0
376,No,0,INTEL CORE I5-8250U CPU @ 1.60GHZ,4.7,0,0,Silver,0,0,1,0,0,0,0,0,0
781,No,0,Intel Celeron N3350,0,0,0,Black,0,0,0,0,0,0,0,1,0
63,No,0,Intel Core i5-8250U,4.7,0,4,0,No,0,1,0,0,0,0,0,0
64,No,0,Intel Core i5-8250U,4.7,0,4,0,No,0,1,0,0,0,0,0,0
72,No,0,Intel Core i7-8550U,4.7,0,4,0,No,0,1,0,0,0,0,0,0
136,No,0,Intel Core i3-8130U,4.7,0,2,0,No,0,1,0,0,0,0,0,0
138,No,0,Intel Core i5-8265U,4.7,0,4,0,No,0,1,0,0,0,0,0,0
139,No,0,Intel Core i5-8265U,4.7,0,4,0,No,0,1,0,0,0,0,0,0
140,No,0,Intel Core i5-8265U,0,0,4,0,No,0,1,0,0,0,0,0,0
141,No,0,Intel Core i5-8265U,4.7,0,4,0,No,0,1,0,0,0,0,0,0
142,No,0,AMD Ryzen 5 2500U,4.7,0,4,0,No,0,1,0,0,0,0,0,0
143,No,0,AMD Ryzen 5 2500U,0,0,4,0,No,0,1,0,0,0,0,0,0
195,No,0,Intel Celeron N4000,4.7,0,2,0,No,0,1,0,0,0,0,0,0
196,No,0,Intel Celeron N4000,4.7,0,2,0,No,0,1,0,0,0,0,0,0
197,No,0,Intel I5-4300u,4.7,0,2,0,No,0,1,0,0,0,0,0,0
204,No,0,7th Generation AMD A6-9225 Processor,4.7,0,2,0,No,0,1,0,0,0,0,0,0
205,No,0,AMD A4-9125 Dual-Core,0,0,2,0,No,0,1,0,0,0,0,0,0
253,No,0,Intel Core i3-8145U,4.7,0,2,0,No,0,1,0,0,0,0,0,0
258,No,0,Intel Core i5-8265U,4.7,0,4,0,No,0,1,0,0,0,0,0,0
263,No,0,Intel Core i7-8565U,4.7,0,4,0,No,0,1,0,0,0,0,0,0
293,No,0,2.4 Ghz,4.7,0,2,0,No,0,1,0,0,0,0,0,0
298,No,0,Intel Core i5-8250U,4.7,0,4,0,No,0,1,0,0,0,0,0,0
302,No,0,8th Generation Intel Core i5-8250U,4.7,0,4,0,No,0,1,0,0,0,0,0,0
308,No,0,AMD A6-9225,4.7,0,2,0,No,0,1,0,0,0,0,0,0
335,No,0,8th Generation Intel Core i7-8550U,4.7,0,4,0,No,0,1,0,0,0,0,0,0
367,No,0,Intel Core i7-8565U,0,0,4,0,No,0,1,0,0,0,0,0,0
398,No,0,AMD Dual Core A6-9225,0,0,2,0,No,0,1,0,0,0,0,0,0
413,No,0,Intel Core M Dual-Core,0,2015,2,0,No,0,0,1,0,0,0,0,0
425,No,0,Intel Core m3,0,2017,2,0,No,0,0,1,0,0,0,0,0
426,No,0,Intel Core i5,0,2017,2,0,No,0,0,1,0,0,0,0,0
439,No,0,Intel Core i5,0,2018,2,0,No,0,0,0,1,0,0,0,0
440,No,0,Intel Core i5,0,2018,2,0,No,0,0,0,1,0,0,0,0
445,No,0,Intel Core i5,0,2017,2,0,No,0,0,0,1,0,0,0,0
446,No,0,Intel Core i7,0,2017,2,0,No,0,0,0,1,0,0,0,0
474,No,0,Intel Core i5,0,2013,0,0,No,0,0,0,1,0,0,0,0
475,No,0,Intel Core i5,0,2013,0,0,No,0,0,0,1,0,0,0,0
495,No,0,Intel Core i5,0,2019,2,0,No,0,0,0,1,0,0,0,0
505,No,0,0,0,2012,0,0,No,0,0,0,1,0,0,0,0
531,No,0,Intel Core i5,0,2019,4,0,No,0,0,0,0,1,0,0,0
532,No,0,Intel Core i5,0,2019,4,0,No,0,0,0,0,1,0,0,0
533,No,0,Intel Core i5,0,2019,4,0,No,0,0,0,0,1,0,0,0
534,No,0,Intel Core i9,0,2019,8,0,No,0,0,0,0,1,0,0,0
535,No,0,Intel Core i7,0,2019,6,0,No,0,0,0,0,1,0,0,0
544,No,0,Intel Core i5,0,0,4,0,No,0,0,0,0,1,0,0,0
545,No,0,Intel Core i7,0,0,6,0,No,0,0,0,0,1,0,0,0
546,No,0,Intel Core i9,0,0,8,0,No,0,0,0,0,1,0,0,0
561,No,0,Intel Core i5,0,2018,4,0,No,0,0,0,0,1,0,0,0
562,No,0,Intel Core i7,0,2018,6,0,No,0,0,0,0,1,0,0,0
563,No,0,Intel Core i7,0,2018,6,0,No,0,0,0,0,1,0,0,0
564,No,0,Core i5 (I5-8259U),0,2018,4,0,No,0,0,0,0,1,0,0,0
567,No,0,Intel Core i5,0,2017,2,0,No,0,0,0,0,1,0,0,0
568,No,0,Intel Core i5,0,2017,2,0,No,0,0,0,0,1,0,0,0
569,No,0,Intel Core i5,0,2017,2,0,No,0,0,0,0,1,0,0,0
570,No,0,Intel Core i5,0,2017,2,0,No,0,0,0,0,1,0,0,0
628,No,0,Intel Core i5,0,2014,0,0,No,0,0,0,0,1,0,0,0
634,No,0,Intel Core i5,0,2012,0,0,No,0,0,0,0,1,0,0,0
668,No,0,Intel Core,0,2011,1,0,No,0,0,0,0,1,0,0,0
746,No,0,NVIDIA Tegra K1 CD570M,4.14,0,4,0,No,0,0,0,0,0,0,1,0
785,No,0,Intel Dual-Core Celeron N3060,4.14,0,2,0,No,0,0,0,0,0,0,1,0
796,No,0,Intel Celeron N3060,4.14,0,2,0,No,0,0,0,0,0,0,1,0
802,No,0,Intel Celeron N2840&nbsp;,4.14,0,2,0,No,0,0,0,0,0,0,1,0
828,No,0,Intel Dual-Core Celeron N3350,0,0,2,0,No,0,0,0,0,0,0,1,0
831,No,0,AMD A4-9120C,0,0,2,0,No,0,0,0,0,0,0,1,0
853,No,0,Intel X5-E8000,0,0,4,0,No,0,0,0,0,0,0,1,0
898,No,0,Intel® Celeron N3060,0,0,2,0,No,0,0,0,0,0,0,1,0
931,No,0,Intel Core i5-9300H,0,0,4,0,No,0,0,0,0,0,0,0,1
932,No,0,Intel Core i5-9300H,0,0,4,0,No,0,0,0,0,0,0,0,1
933,No,0,Intel Core i5-9300H,0,0,4,0,No,0,0,0,0,0,0,0,1
960,No,0,Intel Core i7-9750H,0,0,6,0,No,0,0,0,0,0,0,0,1
961,No,0,Intel Core i7-9750H,0,0,6,0,No,0,0,0,0,0,0,0,1
962,No,0,Intel Core i7-9750H,0,0,6,0,No,0,0,0,0,0,0,0,1
963,No,0,Intel Core i7-9750H,0,0,6,0,No,0,0,0,0,0,0,0,1
964,No,0,Intel Core i7-9750H,0,0,6,0,No,0,0,0,0,0,0,0,1
965,No,0,Intel Core i7-9750H,0,0,6,0,No,0,0,0,0,0,0,0,1
966,No,0,Intel Core i7-9750H,0,0,6,0,No,0,0,0,0,0,0,0,1
967,No,0,Intel Core i7-9750H,0,0,6,0,No,0,0,0,0,0,0,0,1
982,No,0,Intel Core i7-8750H,0,0,6,0,No,0,0,0,0,0,0,0,1
983,No,0,Intel Core i7-8750H,0,0,6,0,No,0,0,0,0,0,0,0,1
986,No,0,Intel Core i7-8750H,0,0,6,0,No,0,0,0,0,0,0,0,1
988,No,0,Intel Core i7-8750H,0,0,6,0,No,0,0,0,0,0,0,0,1
1002,No,0,AMD Ryzen 5 3550H,0,0,4,0,No,0,0,0,0,0,0,0,1
1005,No,0,AMD Ryzen 5-3550H,0,0,4,0,No,0,0,0,0,0,0,0,1
1010,No,0,Intel Core i5-8300H,0,0,4,0,No,0,0,0,0,0,0,0,1
1016,No,0,Intel Core i7-7700HQ,0,0,4,0,No,0,0,0,0,0,0,0,1
1021,No,0,Intel Core i7 8750H,0,0,6,0,No,0,0,0,0,0,0,0,1
144,No,0,Intel Pentium Silver N5000,4.7,0,4,0,0,0,1,0,0,0,0,0,0
199,No,0,Intel Core i3 4005U,4.7,0,2,0,0,0,1,0,0,0,0,0,0
200,No,0,Intel Core i3 4005U,4.7,0,2,0,0,0,1,0,0,0,0,0,0
201,No,0,Intel Core i5 3210M,4.7,0,2,0,0,0,1,0,0,0,0,0,0
202,No,0,Intel Core i5 4210M,4.7,0,2,0,0,0,1,0,0,0,0,0,0
203,No,0,AMD Dual-Core R3-2200U,4.7,0,2,0,0,0,1,0,0,0,0,0,0
368,No,0,AMD RYZEN 7 2700U WITH RADEON VEGA MOBILE GFX,4.7,0,0,0,0,0,1,0,0,0,0,0,0
387,No,0,Intel Core i3-7020U CPU @ 2.30GHz,4.7,0,0,0,0,0,1,0,0,0,0,0,0
463,No,0,1.6GHz dual-core Intel Core i5,0,2015,2,0,0,0,0,0,1,0,0,0,0
464,No,0,1.6 GHz Intel Core i5 Dual-Core,0,2015,2,0,0,0,0,0,1,0,0,0,0
465,No,0,1.6 GHz Intel Core i5,0,2015,2,0,0,0,0,0,1,0,0,0,0
496,No,0,1.4GHz dual-core Intel Core i5,0,2014,2,0,0,0,0,0,1,0,0,0,0
536,No,0,Dual-Core Intel i5,0,2019,2,0,0,0,0,0,0,1,0,0,0
547,No,0,Intel Core i7-5th Generation,0,0,4,0,0,0,0,0,0,1,0,0,0
608,No,0,Intel Core i7,0,2013,0,0,0,0,0,0,0,1,0,0,0
635,No,0,0,0,2012,2,0,0,0,0,0,0,1,0,0,0
663,No,0,Dual-Core Intel i5,0,2016,2,0,0,0,0,0,0,1,0,0,0
765,No,0,Celeron,4.14,0,0,0,0,0,0,0,0,0,0,1,0
766,No,0,Celeron,0,0,0,0,0,0,0,0,0,0,0,1,0
767,No,0,Celeron,0,0,0,0,0,0,0,0,0,0,0,1,0
776,No,0,A-Series,0,0,0,0,0,0,0,0,0,0,0,1,0
783,No,0,Intel Dual-Core Celeron N3350,4.14,0,2,0,0,0,0,0,0,0,0,1,0
813,No,0,INTEL Celeron n2840,4.14,0,0,0,0,0,0,0,0,0,0,1,0
840,No,0,Intel Celeron N4000,0,0,2,0,0,0,0,0,0,0,0,1,0
846,No,0,Intel Celeron N3350,0,0,2,0,0,0,0,0,0,0,0,1,0
847,No,0,Intel Celeron N3350,0,0,2,0,0,0,0,0,0,0,0,1,0
924,No,0,0,0,0,0,0,0,0,0,0,0,0,0,1,0
930,No,0,Intel Core i5-9300H,0,0,4,0,0,0,0,0,0,0,0,0,1
981,No,0,Intel Core i7-8750H,0,0,6,0,0,0,0,0,0,0,0,0,1
985,No,0,Intel Core i7-8750H,0,0,6,0,0,0,0,0,0,0,0,0,1
987,No,0,Intel Core i7-8750H,0,0,6,0,0,0,0,0,0,0,0,0,1
1042,No,0,Core i7,0,0,0,0,0,0,0,0,0,0,0,0,1
1043,No,0,Core i7,0,0,0,0,0,0,0,0,0,0,0,0,1
1044,No,0,Core i7,0,0,0,0,0,0,0,0,0,0,0,0,1
1058,No,0,Intel Core i7 8750H,0,0,6,0,0,0,0,0,0,0,0,0,1
994,0,18.4,Intel Core i7-8750H,0,0,6,0,No,0,0,0,0,0,0,0,1
301,0,17.3,Intel  i5-4340M,4.7,0,2,0,No,0,1,0,0,0,0,0,0
364,0,17.3,Intel Core i7 3740 QM,0,0,4,0,No,0,1,0,0,0,0,0,0
1059,0,17.3,Intel Core i7 7700HQ,0,0,0,0,No,0,0,0,0,0,0,0,1
991,0,17.3,Intel Core i7-8750H,0,0,6,0,0,0,0,0,0,0,0,0,1
992,0,17.3,Intel Core i7-8750H,0,0,6,0,0,0,0,0,0,0,0,0,1
1053,0,17.3,Intel Core i7-8750H,0,0,6,0,0,0,0,0,0,0,0,0,1
1060,0,17.3,Intel Core i9-9880H,0,0,8,0,0,0,0,0,0,0,0,0,1
1062,0,17.3,Intel Core i7-9750H,0,0,6,0,0,0,0,0,0,0,0,0,1
1075,0,17.3,0,0,0,0,0,0,0,0,0,0,0,0,0,1
1081,0,17.3,Intel Core i7-9750H,0,0,6,0,0,0,0,0,0,0,0,0,1
375,0,17,Intel Core i5 8250U,4.7,0,0,0,0,0,1,0,0,0,0,0,0
395,0,15.6,0,4.7,0,0,Black,0,0,1,0,0,0,0,0,0
105,0,15.6,Intel Core i5-7200U,4.7,0,2,0,No,0,1,0,0,0,0,0,0
334,0,15.6,Intel Core i5-5300u,4.7,0,0,0,No,0,1,0,0,0,0,0,0
400,0,15.6,Core i7-6600U,0,0,0,0,No,0,1,0,0,0,0,0,0
97,0,15.6,AMD A12-9720P,4.7,0,4,0,0,0,1,0,0,0,0,0,0
98,0,15.6,Intel Core i7-6820HQ,4.7,0,4,0,0,0,1,0,0,0,0,0,0
99,0,15.6,Intel Core i7-6820HQ,4.7,0,4,0,0,0,1,0,0,0,0,0,0
100,0,15.6,Intel Core i7-6820HQ,4.7,0,4,0,0,0,1,0,0,0,0,0,0
101,0,15.6,Intel Core i7-6600U,4.7,0,2,0,0,0,1,0,0,0,0,0,0
102,0,15.6,Intel Core i7-6600U,4.7,0,2,0,0,0,1,0,0,0,0,0,0
103,0,15.6,Intel Core i7-6600U,4.7,0,0,0,0,0,1,0,0,0,0,0,0
107,0,15.6,Intel Core i7-4810MQ,4.7,0,4,0,0,0,1,0,0,0,0,0,0
190,0,15.6,AMD E1 6010,4.7,0,2,0,0,0,1,0,0,0,0,0,0
191,0,15.6,Intel Core i3-5010U,4.7,0,2,0,0,0,1,0,0,0,0,0,0
238,0,15.6,Intel i3-8130U,4.7,0,2,0,0,0,1,0,0,0,0,0,0
279,0,15.6,Intel Core i5 2520m 2.5GHz,4.7,0,0,0,0,0,1,0,0,0,0,0,0
318,0,15.6,Intel Core I7-4810MQ,4.7,0,4,0,0,0,1,0,0,0,0,0,0
362,0,15.6,Intel Core i7-3520M,0,0,2,0,0,0,1,0,0,0,0,0,0
363,0,15.6,Intel Core i5 4200M,0,0,2,0,0,0,1,0,0,0,0,0,0
396,0,15.6,Intel i5-8250U 1.6GHz,0,0,4,0,0,0,1,0,0,0,0,0,0
603,0,15.6,2.2GHz quad-core Intel Core i7 processor (Turbo Boost up to 3.4GHz),0,2015,0,0,0,0,0,0,0,1,0,0,0
1017,0,15.6,Intel® Core™ i7-8750H,0,0,6,0,0,0,0,0,0,0,0,0,1
1018,0,15.6,Intel Core i7-7700HQ 2.8 GHz,0,0,4,0,0,0,0,0,0,0,0,0,1
1056,0,15.6,Intel Core i7 8750H,0,0,6,0,0,0,0,0,0,0,0,0,1
582,0,15.4,2.8 GHz Intel Core i7 Processor,0,2015,0,0,No,0,0,0,0,1,0,0,0
632,0,15.4,Core i7,0,2014,0,0,No,0,0,0,0,1,0,0,0
548,0,15.4,Core i7 (I7-4870HQ),0,0,0,0,0,0,0,0,0,1,0,0,0
549,0,15.4,Core i7 (I7-4870HQ),0,0,0,0,0,0,0,0,0,1,0,0,0
550,0,15.4,CORE I7 (7820HQ),0,0,0,0,0,0,0,0,0,1,0,0,0
551,0,15.4,Core i7 (I7-4770HQ),0,0,0,0,0,0,0,0,0,1,0,0,0
578,0,15.4,Intel Core i7-7700HQ,0,2017,4,0,0,0,0,0,0,1,0,0,0
579,0,15.4,Core i7 (I7-4870HQ),0,2015,0,0,0,0,0,0,0,1,0,0,0
580,0,15.4,Core i7 (I7-4770HQ),0,2015,0,0,0,0,0,0,0,1,0,0,0
581,0,15.4,Intel Core i7-4770HQ,0,2015,4,0,0,0,0,0,0,1,0,0,0
597,0,15.4,0,0,2015,0,0,0,0,0,0,0,1,0,0,0
598,0,15.4,0,0,2013,0,0,0,0,0,0,0,1,0,0,0
599,0,15.4,0,0,2014,0,0,0,0,0,0,0,1,0,0,0
613,0,15.4,Core i7,0,2013,0,0,0,0,0,0,0,1,0,0,0
616,0,15.4,Intel Core i7 (Turbo Boost up to 3.3 GHz),0,2013,0,0,0,0,0,0,0,1,0,0,0
649,0,15.4,Core i7,0,2012,0,0,0,0,0,0,0,1,0,0,0
656,0,15.4,Intel Core i7,0,2016,4,0,0,0,0,0,0,1,0,0,0
658,0,15.4,Intel Core i7,0,2016,4,0,0,0,0,0,0,1,0,0,0
659,0,15.4,Intel Core i7,0,2016,4,0,0,0,0,0,0,1,0,0,0
660,0,15.4,Intel Core i7,0,2016,4,0,0,0,0,0,0,1,0,0,0
661,0,15.4,Intel Core i7,0,2016,4,0,0,0,0,0,0,1,0,0,0
662,0,15.4,Intel Core i7,0,2016,4,0,0,0,0,0,0,1,0,0,0
673,0,15.4,Intel Core i7,0,2013,4,0,0,0,0,0,0,1,0,0,0
674,0,15.4,Intel Core i7,0,2013,4,0,0,0,0,0,0,1,0,0,0
675,0,15.4,Intel Core i7,0,2012,4,0,0,0,0,0,0,1,0,0,0
698,0,15.4,0,0,2014,0,0,0,0,0,0,0,1,0,0,0
702,0,15.4,Intel Core i7,0,2014,4,0,0,0,0,0,0,1,0,0,0
703,0,15.4,Intel Core i7,0,2015,4,0,0,0,0,0,0,1,0,0,0
707,0,15.4,0,0,2010,0,0,0,0,0,0,0,1,0,0,0
708,0,15.4,Intel Core i7,0,2015,4,0,0,0,0,0,0,1,0,0,0
709,0,15.4,Intel Core i7,0,2015,4,0,0,0,0,0,0,1,0,0,0
725,0,15.4,INTEL CORE i7-4750HQ,0,0,0,0,0,0,0,0,0,1,0,0,0
726,0,15.4,INTEL CORE i7-4850HQ,0,0,0,0,0,0,0,0,0,1,0,0,0
727,0,15.4,INTEL CORE i7-4960HQ,0,0,0,0,0,0,0,0,0,1,0,0,0
677,0,15,0,0,2013,0,Silver,0,0,0,0,0,1,0,0,0
678,0,15,0,0,2013,0,Silver,0,0,0,0,0,1,0,0,0
690,0,15,0,0,2012,0,Silver,0,0,0,0,0,1,0,0,0
691,0,15,0,0,2012,0,Silver,0,0,0,0,0,1,0,0,0
1071,0,15,Intel Core i7-8750H CPU @ 2.20GHz,0,0,0,Silver,0,0,0,0,0,0,0,0,1
1072,0,15,Intel Core i7-8750H CPU @ 2.20GHz,0,0,0,Silver,0,0,0,0,0,0,0,0,1
1073,0,15,Intel Core i7-8750H CPU @ 2.20GHz,0,0,0,Silver,0,0,0,0,0,0,0,0,1
372,0,15,Intel Core i5-8300H CPU @ 2.30GHz,4.7,0,0,0,No,0,1,0,0,0,0,0,0
585,0,15,Core i7,0,2015,0,0,No,0,0,0,0,1,0,0,0
586,0,15,Core i7,0,2015,0,0,No,0,0,0,0,1,0,0,0
648,0,15,Intel Core I7-3615QM,0,2012,0,0,No,0,0,0,0,1,0,0,0
418,0,15,Core i7,0,2015,0,0,0,0,0,1,0,0,0,0,0
419,0,15,Core i7,0,2014,0,0,0,0,0,0,0,1,0,0,0
555,0,15,CORE I7 (6920HQ),0,0,0,0,0,0,0,0,0,1,0,0,0
556,0,15,Core i7 (I7-4850HQ),0,0,0,0,0,0,0,0,0,1,0,0,0
557,0,15,Core i7 (I7-6920HQ),0,0,0,0,0,0,0,0,0,1,0,0,0
558,0,15,Core i7 (I7-6920HQ),0,0,0,0,0,0,0,0,0,1,0,0,0
559,0,15,Core i7 (I7-7920HQ),0,0,0,0,0,0,0,0,0,1,0,0,0
560,0,15,Core i7,0,0,0,0,0,0,0,0,0,1,0,0,0
572,0,15,CORE I7 (7820HQ),0,2017,0,0,0,0,0,0,0,1,0,0,0
573,0,15,i7,0,2017,0,0,0,0,0,0,0,1,0,0,0
587,0,15,Core i7,0,2015,0,0,0,0,0,0,0,1,0,0,0
588,0,15,Core i7,0,2015,0,0,0,0,0,0,0,1,0,0,0
589,0,15,Core i7,0,2015,0,0,0,0,0,0,0,1,0,0,0
590,0,15,Core i7,0,2015,0,0,0,0,0,0,0,1,0,0,0
604,0,15,i7,0,2013,0,0,0,0,0,0,0,1,0,0,0
605,0,15,i7,0,2013,0,0,0,0,0,0,0,1,0,0,0
606,0,15,Core i7,0,2013,0,0,0,0,0,0,0,1,0,0,0
646,0,15,Core i7,0,2012,0,0,0,0,0,0,0,1,0,0,0
647,0,15,Core i7,0,2012,0,0,0,0,0,0,0,1,0,0,0
655,0,15,Core i7,0,2016,0,0,0,0,0,0,0,1,0,0,0
679,0,15,Intel Core I7-4750HQ,0,2013,0,0,0,0,0,0,0,1,0,0,0
685,0,15,0,0,2017,0,0,0,0,0,0,0,1,0,0,0
686,0,15,0,0,2017,0,0,0,0,0,0,0,1,0,0,0
692,0,15,Intel Core I7-3615QM,0,2012,0,0,0,0,0,0,0,1,0,0,0
693,0,15,Intel Core I7-3720QM,0,2012,0,0,0,0,0,0,0,1,0,0,0
724,0,15,0,0,0,0,0,0,0,0,0,0,1,0,0,0
104,0,14.1,Intel Core i7-6600U,4.7,0,2,0,0,0,1,0,0,0,0,0,0
119,0,14.1,Intel Core i5-6300U,4.7,0,2,0,0,0,1,0,0,0,0,0,0
120,0,14.1,Intel Core i5-6300U,0,0,2,0,0,0,1,0,0,0,0,0,0
121,0,14.1,Intel Core i5-6300U,4.7,0,2,0,0,0,1,0,0,0,0,0,0
122,0,14.1,Intel Core i5-6300U,4.7,0,2,0,0,0,1,0,0,0,0,0,0
234,0,14.1,Intel Core i5-5300U,4.7,0,0,0,0,0,1,0,0,0,0,0,0
243,0,14.1,AMD A6 4400M,4.7,0,2,0,0,0,1,0,0,0,0,0,0
244,0,14.1,Intel Core i5-4310U,4.7,0,2,0,0,0,1,0,0,0,0,0,0
307,0,14.1,Intel Core i7 2640M,4.7,0,2,0,0,0,1,0,0,0,0,0,0
755,0,14,Celeron 2955U,4.14,0,0,White,Yes,0,0,0,0,0,0,1,0
54,0,14,Intel Core i7-8565U,4.7,0,4,0,No,0,1,0,0,0,0,0,0
57,0,14,Intel Core i7-8565U,4.7,0,4,0,No,0,1,0,0,0,0,0,0
266,0,14,Intel Core i5 5300u 2.3,4.7,0,2,0,No,0,1,0,0,0,0,0,0
277,0,14,Intel Core i5 2520m 2.5GHz,0,0,2,0,No,0,1,0,0,0,0,0,0
327,0,14,Intel Core™ i5-8265U,4.7,0,0,0,No,0,1,0,0,0,0,0,0
883,0,14,Intel Core i5 6200U,0,0,2,0,No,0,0,0,0,0,0,1,0
118,0,14,Intel Core i5-6300U,4.7,0,2,0,0,0,1,0,0,0,0,0,0
123,0,14,Intel Core i5-6300U,4.7,0,2,0,0,0,1,0,0,0,0,0,0
215,0,14,Intel Core i5-4300U,4.7,0,2,0,0,0,1,0,0,0,0,0,0
225,0,14,Core i5-4300U,4.7,0,0,0,0,0,1,0,0,0,0,0,0
226,0,14,AMD A-Series A9-9420e,4.7,0,2,0,0,0,1,0,0,0,0,0,0
227,0,14,Intel Core i5-4310M,4.7,0,2,0,0,0,1,0,0,0,0,0,0
231,0,14,Intel Core i5-6200U,4.7,0,2,0,0,0,1,0,0,0,0,0,0
233,0,14,Intel Core i5-5300U,4.7,0,0,0,0,0,1,0,0,0,0,0,0
256,0,14,Intel® Core™  i5-1035G4,4.7,0,4,0,0,0,1,0,0,0,0,0,0
278,0,14,Intel Core i5 2520m 2.5GHz,4.7,0,2,0,0,0,1,0,0,0,0,0,0
284,0,14,Intel Core i5 4300m,4.7,0,0,0,0,0,1,0,0,0,0,0,0
285,0,14,Intel Core i5 3320m 2.6GHz,4.7,0,2,0,0,0,1,0,0,0,0,0,0
286,0,14,Intel Core i5 3320m 2.6GHz,0,0,2,0,0,0,1,0,0,0,0,0,0
287,0,14,Intel Core i5 4300m 2.6GHz,4.7,0,2,0,0,0,1,0,0,0,0,0,0
288,0,14,Intel Core i5 5300u 2.3GHz,4.7,0,2,0,0,0,1,0,0,0,0,0,0
291,0,14,Intel Core i5 5300U,4.7,0,2,0,0,0,1,0,0,0,0,0,0
303,0,14,Intel Core i7-5600U,4.7,0,0,0,0,0,1,0,0,0,0,0,0
304,0,14,Intel Core i7-5600U,4.7,0,0,0,0,0,1,0,0,0,0,0,0
305,0,14,Core i5-5300U,4.7,0,0,0,0,0,1,0,0,0,0,0,0
306,0,14,Core i5-5300U,4.7,0,0,0,0,0,1,0,0,0,0,0,0
325,0,14,Intel Core i5 6300u 2.4GHz,4.7,0,2,0,0,0,1,0,0,0,0,0,0
326,0,14,Core i5(3320M),4.7,0,0,0,0,0,1,0,0,0,0,0,0
341,0,14,Intel Core i5 5300u 2.3GHz,4.7,0,2,0,0,0,1,0,0,0,0,0,0
342,0,14,1.9GHz (Up to 2.9 GHz),4.7,0,2,0,0,0,1,0,0,0,0,0,0
360,0,14,AMD A10 PRO-7350B,4.7,0,0,0,0,0,1,0,0,0,0,0,0
366,0,14,Intel Core i7 2620m 2.7GHz,0,0,2,0,0,0,1,0,0,0,0,0,0
377,0,14,0,4.7,0,0,0,0,0,1,0,0,0,0,0,0
378,0,14,Intel i7-3rd Gen-3667U,4.7,0,0,0,0,0,1,0,0,0,0,0,0
379,0,14,Intel Core i5-4300U,4.7,0,2,0,0,0,1,0,0,0,0,0,0
394,0,14,Intel i7-4600U,4.7,0,0,0,0,0,1,0,0,0,0,0,0
397,0,14,Intel Core i5 i5-6300U,0,0,0,0,0,0,1,0,0,0,0,0,0
404,0,14,Intel Core i5 6300u 2.4GHz,0,0,2,0,0,0,1,0,0,0,0,0,0
752,0,14,1.6 GHz AMD A4-9120C Dual-Core,4.14,0,2,0,0,0,0,0,0,0,0,1,0
821,0,14,Intel Core M3 8100Y,4.14,0,0,0,0,0,0,0,0,0,0,1,0
822,0,14,AMD Dual-Core A4-9120 APU,4.14,0,2,0,0,0,0,0,0,0,0,1,0
870,0,14,Dual-Core,0,0,3,0,0,0,0,0,0,0,0,1,0
683,0,13.3,0,0,2017,0,space grey,0,0,0,0,0,1,0,0,0
487,0,13.3,0,0,2013,0,Silver,0,0,0,0,1,0,0,0,0
491,0,13.3,0,0,2013,0,Silver,0,0,0,0,0,1,0,0,0
494,0,13.3,0,0,2015,0,Silver,0,0,0,0,0,1,0,0,0
527,0,13.3,0,0,0,0,Gold,0,0,0,0,1,0,0,0,0
457,0,13.3,Core i5,0,2015,0,0,No,0,0,0,1,0,0,0,0
492,0,13.3,Core i5 - 5350U,0,2017,0,0,No,0,0,0,1,0,0,0,0
592,0,13.3,Core i5 (I5-5257U),0,2015,0,0,No,0,0,0,0,1,0,0,0
595,0,13.3,Dual i5,0,2015,0,0,No,0,0,0,0,1,0,0,0
641,0,13.3,Core i7,0,2012,0,0,No,0,0,0,0,1,0,0,0
666,0,13.3,Core 2 Duo P8600,0,2010,0,0,No,0,0,0,0,1,0,0,0
242,0,13.3,Intel Celeron 2957U,4.7,0,2,0,0,0,1,0,0,0,0,0,0
322,0,13.3,Core i5 7300U,4.7,0,0,0,0,0,1,0,0,0,0,0,0
323,0,13.3,Intel Core i3-4300U,4.7,0,2,0,0,0,1,0,0,0,0,0,0
339,0,13.3,Intel Core i5 6200U 2.8GHZ,4.7,0,2,0,0,0,1,0,0,0,0,0,0
374,0,13.3,Intel Core i7-8565U,4.7,0,0,0,0,0,1,0,0,0,0,0,0
406,0,13.3,"Intel ""Core 2 Duo"" processor (P8600)",0,2010,2,0,0,0,0,1,0,0,0,0,0
450,0,13.3,Core i7,0,2014,0,0,0,0,0,0,1,0,0,0,0
453,0,13.3,Intel Core i5,0,2015,2,0,0,0,0,0,1,0,0,0,0
455,0,13.3,Core i7 (I7-5650U),0,2015,0,0,0,0,0,0,1,0,0,0,0
459,0,13.3,Core i5,0,2013,0,0,0,0,0,0,1,0,0,0,0
476,0,13.3,CORE I5 (5250U),0,0,0,0,0,0,0,0,1,0,0,0,0
477,0,13.3,CORE I5 (5250U),0,0,0,0,0,0,0,0,1,0,0,0,0
478,0,13.3,CORE I5 (5250U),0,0,0,0,0,0,0,0,1,0,0,0,0
479,0,13.3,CORE I5 (5250U),0,0,0,0,0,0,0,0,1,0,0,0,0
480,0,13.3,CORE I5 (5250U),0,0,0,0,0,0,0,0,1,0,0,0,0
481,0,13.3,CORE I5 (4260U),0,0,0,0,0,0,0,0,1,0,0,0,0
482,0,13.3,CORE I5 (5350U),0,0,0,0,0,0,0,0,1,0,0,0,0
484,0,13.3,CORE I5 (5350U),0,0,0,0,0,0,0,0,1,0,0,0,0
485,0,13.3,Core i5 (I5-5250U),0,0,0,0,0,0,0,0,1,0,0,0,0
486,0,13.3,CORE I5 (4250U),0,0,0,0,0,0,0,0,1,0,0,0,0
488,0,13.3,0,0,2013,0,0,0,0,0,0,1,1,0,0,0
489,0,13.3,0,0,2012,0,0,0,0,0,0,1,0,0,0,0
490,0,13.3,0,0,2014,0,0,0,0,0,0,0,1,0,0,0
493,0,13.3,0,0,2015,0,0,0,0,0,0,1,0,0,0,0
542,0,13.3,i7,0,0,0,0,0,0,0,0,0,1,0,0,0
543,0,13.3,Core i7 (I7-6567U),0,0,0,0,0,0,0,0,0,1,0,0,0
591,0,13.3,Core i7 (I7-5557U),0,2015,0,0,0,0,0,0,0,1,0,0,0
594,0,13.3,Core i5 (I5-5257U),0,2015,0,0,0,0,0,0,0,1,0,0,0
596,0,13.3,Intel Core i5,0,2015,2,0,0,0,0,0,0,1,0,0,0
617,0,13.3,Dual i5,0,2013,0,0,0,0,0,0,0,1,0,0,0
619,0,13.3,Intel Core i5,0,2013,4,0,0,0,0,0,0,1,0,0,0
620,0,13.3,Intel Core i5,0,2013,4,0,0,0,0,0,0,1,0,0,0
621,0,13.3,Intel Core i5,0,2013,4,0,0,0,0,0,0,1,0,0,0
622,0,13.3,Intel Core i5,0,2014,4,0,0,0,0,0,0,1,0,0,0
623,0,13.3,Intel Core i7,0,2013,4,0,0,0,0,0,0,1,0,0,0
626,0,13.3,0,0,2013,2,0,0,0,0,0,0,1,0,0,0
631,0,13.3,Core i5,0,2014,0,0,0,0,0,0,0,1,0,0,0
636,0,13.3,Core i7,0,2012,0,0,0,0,0,0,0,1,0,0,0
637,0,13.3,Core i7,0,2012,0,0,0,0,0,0,0,1,0,0,0
638,0,13.3,Core i7,0,2012,0,0,0,0,0,0,0,1,0,0,0
639,0,13.3,Core i7,0,2012,0,0,0,0,0,0,0,1,0,0,0
640,0,13.3,Core i7,0,2012,0,0,0,0,0,0,0,1,0,0,0
642,0,13.3,Core i5,0,2012,4,0,0,0,0,0,0,1,0,0,0
643,0,13.3,Core i5,0,2012,0,0,0,0,0,0,0,1,0,0,0
684,0,13.3,0,0,2017,0,0,0,0,0,0,0,1,0,0,0
699,0,13.3,Intel Core i5,0,2014,4,0,0,0,0,0,0,1,0,0,0
700,0,13.3,Intel Core i7,0,2014,4,0,0,0,0,0,0,1,0,0,0
701,0,13.3,Intel Core i7,0,2014,4,0,0,0,0,0,0,1,0,0,0
706,0,13.3,0,0,2010,0,0,0,0,0,0,0,1,0,0,0
710,0,13.3,Intel Core i7,0,2015,4,0,0,0,0,0,0,1,0,0,0
711,0,13.3,Intel Core i7,0,2015,2,0,0,0,0,0,0,1,0,0,0
712,0,13.3,Intel Core i7,0,2015,2,0,0,0,0,0,0,1,0,0,0
713,0,13.3,Intel Core i5,0,2015,4,0,0,0,0,0,0,1,0,0,0
714,0,13.3,Intel Core i5,0,2015,4,0,0,0,0,0,0,1,0,0,0
719,0,13.3,Intel Core i5,0,2016,2,0,0,0,0,0,0,1,0,0,0
720,0,13.3,Intel Core i5,0,2016,2,0,0,0,0,0,0,1,0,0,0
721,0,13.3,Intel Core i5,0,2016,2,0,0,0,0,0,0,1,0,0,0
722,0,13.3,Intel Core i5,0,2016,2,0,0,0,0,0,0,1,0,0,0
723,0,13.3,Intel Core i5,0,2016,2,0,0,0,0,0,0,1,0,0,0
728,0,13.3,INTEL CORE I7-4558U,0,0,0,0,0,0,0,0,0,1,0,0,0
731,0,13.3,Seventh Generation - Intel Core i5,0,2017,0,0,0,0,0,0,0,1,0,0,0
373,0,13.1,Intel  i5-2.4 GHz,4.7,0,0,0,0,0,1,0,0,0,0,0,0
515,0,13,0,0,2017,0,Silver,0,0,0,0,1,0,0,0,0
514,0,13,Intel Core i5-4260U,0,2013,2,0,No,0,0,0,1,0,0,0,0
602,0,13,2.7GHz dual-core Intel Core i5 processor (Turbo Boost up to 3.1GHz) with 3MB shared L3 cache,0,2015,0,0,No,0,0,0,0,1,0,0,0
694,0,13,Intel Core I5-3210M,0,2012,0,0,No,0,0,0,0,1,0,0,0
695,0,13,Core i5,0,2012,0,0,No,0,0,0,0,1,0,0,0
384,0,13,Intel Core i5-7200U CPU @ 2.50GHz,4.7,0,0,0,0,0,1,0,0,0,0,0,0
385,0,13,Intel Core i7-8550U CPU @ 1.80GHz,4.7,0,0,0,0,0,1,0,0,0,0,0,0
499,0,13,Core i5,0,2014,0,0,0,0,0,0,1,0,0,0,0
500,0,13,Core i5,0,2015,0,0,0,0,0,0,1,0,0,0,0
501,0,13,Core i5,0,2015,0,0,0,0,0,0,1,0,0,0,0
503,0,13,Intel Core i5 5th Gen.,0,2015,2,0,0,0,0,0,1,0,0,0,0
512,0,13,Core i5,0,2017,0,0,0,0,0,0,1,0,0,0,0
513,0,13,Core i5,0,0,0,0,0,0,0,0,1,0,0,0,0
516,0,13,0,0,2017,0,0,0,0,0,0,1,0,0,0,0
517,0,13,Intel Core I5-5250U,0,2015,0,0,0,0,0,0,1,0,0,0,0
552,0,13,Core i5 (I5-5257U),0,0,0,0,0,0,0,0,0,1,0,0,0
553,0,13,Core i7 (I7-6660U),0,0,0,0,0,0,0,0,0,1,0,0,0
554,0,13,i5,0,0,0,0,0,0,0,0,0,1,0,0,0
574,0,13,i5,0,2017,0,0,0,0,0,0,0,1,0,0,0
575,0,13,i5,0,2017,0,0,0,0,0,0,0,1,0,0,0
576,0,13,Core i7 (I7-7660U),0,2017,0,0,0,0,0,0,0,1,0,0,0
577,0,13,Core i5 (I5-7360U),0,2017,0,0,0,0,0,0,0,1,0,0,0
600,0,13,i5,0,2015,0,0,0,0,0,0,0,1,0,0,0
601,0,13,i5,0,2015,0,0,0,0,0,0,0,1,0,0,0
607,0,13,i7,0,2013,0,0,0,0,0,0,0,1,0,0,0
651,0,13,Core i7,0,2012,0,0,0,0,0,0,0,1,0,0,0
653,0,13,Core I5-3210M,0,2012,0,0,0,0,0,0,0,1,0,0,0
654,0,13,Intel Core I5-3210M,0,2012,0,0,0,0,0,0,0,1,0,0,0
669,0,13,Intel Core I5-2435M,0,2011,0,0,0,0,0,0,0,1,0,0,0
680,0,13,Intel Core I5-4288U,0,2013,0,0,0,0,0,0,0,1,0,0,0
681,0,13,Intel Core I5-3230M,0,2013,0,0,0,0,0,0,0,1,0,0,0
682,0,13,Intel Core I5-4258U,0,2013,0,0,0,0,0,0,0,1,0,0,0
696,0,13,Intel Core I7-3615QM,0,2012,0,0,0,0,0,0,0,1,0,0,0
717,0,13,Intel Core I5-5257U,0,2015,0,0,0,0,0,0,0,1,0,0,0
730,0,13,Intel Core I5-2415M,0,2011,0,0,0,0,0,0,0,1,0,0,0
732,0,13,Intel Core I5-7360U,0,2017,0,0,0,0,0,0,0,1,0,0,0
216,0,12.5,Intel Core i5-4300U,4.7,0,2,0,No,0,1,0,0,0,0,0,0
295,0,12.5,Intel Core i5 3320m 2.6,4.7,0,2,0,No,0,1,0,0,0,0,0,0
296,0,12.5,Intel Core i5 3320m 2.6,0,0,2,0,No,0,1,0,0,0,0,0,0
247,0,12.5,Intel Core i7-4600U,4.7,0,2,0,0,0,1,0,0,0,0,0,0
254,0,12.5,Intel Core i7-4600u,4.7,0,0,0,0,0,1,0,0,0,0,0,0
289,0,12.5,Intel Core i5 4300u 1.9GHz,4.7,0,2,0,0,0,1,0,0,0,0,0,0
381,0,12.5,Intel Core i5-4300U 1.9GHz Processor,4.7,0,0,0,0,0,1,0,0,0,0,0,0
388,0,12.5,Intel Core i5,4.7,0,0,0,0,0,1,0,0,0,0,0,0
429,0,12,0,0,2017,0,space grey,0,0,0,1,0,0,0,0,0
380,0,12,Intel i5-4300U,4.7,0,0,0,No,0,1,0,0,0,0,0,0
407,0,12,1.1 GHz Intel Core M (Broadwell),0,2015,0,0,0,0,0,1,0,0,0,0,0
408,0,12,Intel Core M-5Y31,0,2015,0,0,0,0,0,1,0,0,0,0,0
409,0,12,Intel Core M5-6Y54,0,2016,0,0,0,0,0,1,0,0,0,0,0
410,0,12,Intel Core M5-6Y54,0,2016,0,0,0,0,0,1,0,0,0,0,0
411,0,12,Intel Core M5-6Y54,0,2016,0,0,0,0,0,1,0,0,0,0,0
412,0,12,Intel Core M3-6Y30,0,2016,0,0,0,0,0,1,0,0,0,0,0
414,0,12,Intel,0,2015,0,0,0,0,0,1,0,0,0,0,0
415,0,12,Core i5,0,2015,0,0,0,0,0,1,0,0,0,0,0
416,0,12,Core i5,0,2015,0,0,0,0,0,1,0,0,0,0,0
422,0,12,Core i5,0,2016,0,0,0,0,0,1,0,0,0,0,0
423,0,12,Intel,0,2017,0,0,0,0,0,1,0,0,0,0,0
428,0,12,m7,0,0,0,0,0,0,0,1,0,0,0,0,0
430,0,12,Intel Core I5-7Y54,0,2017,0,0,0,0,0,1,0,0,0,0,0
434,0,12,INTEL CORE M-5Y51,0,0,0,0,0,0,0,1,0,0,0,0,0
435,0,12,INTEL CORE M3-7Y32,0,0,0,0,0,0,0,1,0,0,0,0,0
436,0,12,INTEL CORE M-5Y71,0,0,0,0,0,0,0,1,0,0,0,0,0
519,0,11.6,Intel Core i5,0,2013,0,0,No,0,0,0,1,0,0,0,0
520,0,11.6,Intel Core i5-4250U,0,2013,0,0,No,0,0,0,1,0,0,0,0
756,0,11.6,0,4.14,0,0,0,No,0,0,0,0,0,0,1,0
890,0,11.6,M8173C,0,0,0,0,No,0,0,0,0,0,0,1,0
241,0,11.6,Intel® Celeron® Processor N3050,4.7,0,0,0,0,0,1,0,0,0,0,0,0
497,0,11.6,Core i5,0,2014,0,0,0,0,0,0,1,0,0,0,0
526,0,11.6,Intel Core i5 dual-core,0,2014,2,0,0,0,0,0,1,0,0,0,0
528,0,11.6,0,0,2014,0,0,0,0,0,0,1,0,0,0,0
771,0,11.6,0,0,0,0,0,0,0,0,0,0,0,0,1,0
773,0,11.6,0,0,0,0,0,0,0,0,0,0,0,0,1,0
808,0,11.6,Samsung Exynos 5250,4.14,0,2,0,0,0,0,0,0,0,0,1,0
809,0,11.6,Intel Celeron N2840   2.10GHz,4.14,0,2,0,0,0,0,0,0,0,0,1,0
814,0,11.6,"Intel N3060 1,6GHz",4.14,0,0,0,0,0,0,0,0,0,0,1,0
866,0,11.6,CELERON N3050,0,0,2,0,0,0,0,0,0,0,0,1,0
867,0,11.6,Intel Celeron N2840,0,0,2,0,0,0,0,0,0,0,0,1,0
871,0,11.6,Intel Celeron N3350,0,0,0,0,0,0,0,0,0,0,0,1,0
889,0,11.6,Intel Celeron N3060,0,0,2,0,0,0,0,0,0,0,0,1,0
925,0,11.6,Intel Celeron N3060,0,0,0,0,0,0,0,0,0,0,0,1,0
751,0,11.3,Intel Celeron N2830,4.14,0,2,0,No,0,0,0,0,0,0,1,0
504,0,11,Core i5,0,2015,0,0,No,0,0,0,1,0,0,0,0
521,0,11,Intel Core I5-4260U,0,2014,0,0,No,0,0,0,1,0,0,0,0
522,0,11,Intel Core I5-2467M,0,2011,0,0,No,0,0,0,1,0,0,0,0
509,0,11,Intel Core I5-4260U,0,2014,0,0,0,0,0,0,1,0,0,0,0
510,0,11,Intel Core I5-4250U,0,2014,0,0,0,0,0,0,1,0,0,0,0
518,0,11,Intel Core I5-5250U,0,2015,0,0,0,0,0,0,1,0,0,0,0
523,0,11,Intel Core I5-2467M,0,2011,0,0,0,0,0,0,1,0,0,0,0
525,0,11,Intel Core I5-3317U,0,2012,0,0,0,0,0,0,1,0,0,0,0
772,0,11,0,0,0,0,0,0,0,0,0,0,0,0,1,0
393,0,0,0,0,0,0,Siver,0,0,1,0,0,0,0,0,0
671,0,0,0,0,2013,0,Silver,0,0,0,0,0,1,0,0,0
687,0,0,0,0,2012,0,Silver,0,0,0,0,0,1,0,0,0
810,0,0,Intel Celeron N4100,4.14,0,4,0,Yes,0,0,0,0,0,0,1,0
834,0,0,MediaTek MT8173C 2x A72 + 2x A53,0,0,4,0,Yes,0,0,0,0,0,0,1,0
264,0,0,Intel Core i7-8565U,4.7,0,4,0,No,0,1,0,0,0,0,0,0
365,0,0,Intel Core i5-8265U,0,0,4,0,No,0,1,0,0,0,0,0,0
424,0,0,Intel Core i5-7Y54,0,2017,2,0,No,0,0,1,0,0,0,0,0
150,0,0,"8th Gen Intel® Core™ i5 8265U (1.60GHz,",4.7,0,0,0,0,0,1,0,0,0,0,0,0
152,0,0,Core i5,4.7,0,0,0,0,0,1,0,0,0,0,0,0
154,0,0,Core i7,4.7,0,0,0,0,0,1,0,0,0,0,0,0
198,0,0,Intel Celeron N4000,4.7,0,0,0,0,0,1,0,0,0,0,0,0
255,0,0,Intel Core i5 2520M,4.7,0,2,0,0,0,1,0,0,0,0,0,0
313,0,0,Intel Core i5 3320M,4.7,0,2,0,0,0,1,0,0,0,0,0,0
319,0,0,I7-4600U,4.7,0,2,0,0,0,1,0,0,0,0,0,0
389,0,0,10th Gen Intel® Core™ i7-10510U,4.7,0,0,0,0,0,1,0,0,0,0,0,0
390,0,0,Intel Core i5 5300U,4.7,0,2,0,0,0,1,0,0,0,0,0,0
391,0,0,AMD A4-4300M,4.7,0,0,0,0,0,1,0,0,0,0,0,0
392,0,0,Intel Core i7 8550u,4.7,0,0,0,0,0,1,0,0,0,0,0,0
401,0,0,Intel Core i5-8250U,0,0,4,0,0,0,1,0,0,0,0,0,0
402,0,0,"9th Gen Intel® Core™ i7-9750H (2.60GHz,",0,0,0,0,0,0,1,0,0,0,0,0,0
431,0,0,0,0,2008,0,0,0,0,0,1,0,0,0,0,0
432,0,0,0,0,2019,0,0,0,0,0,0,1,1,0,0,0
433,0,0,0,0,2017,0,0,0,0,0,0,0,1,0,0,0
466,0,0,Core i5,0,2015,0,0,0,0,0,0,1,0,0,0,0
467,0,0,Core i5,0,2013,0,0,0,0,0,0,1,1,0,0,0
468,0,0,Core i5,0,2014,0,0,0,0,0,0,1,0,0,0,0
469,0,0,Core i5,0,2015,0,0,0,0,0,0,1,0,0,0,0
470,0,0,Core i5,0,2014,0,0,0,0,0,0,0,1,0,0,0
471,0,0,Core i7,0,2015,0,0,0,0,0,0,1,0,0,0,0
472,0,0,Core i5,0,2013,0,0,0,0,0,0,0,1,0,0,0
473,0,0,Core i5,0,2012,0,0,0,0,0,0,0,1,0,0,0
506,0,0,I5-2467M,0,2011,0,0,0,0,0,0,1,0,0,0,0
507,0,0,Intel Core I5-4260U,0,2014,0,0,0,0,0,0,1,0,0,0,0
508,0,0,Intel Core i5,0,2014,0,0,0,0,0,0,1,0,0,0,0
511,0,0,Intel Core I5-4250U,0,2013,0,0,0,0,0,0,1,0,0,0,0
609,0,0,Core i7,0,2013,0,0,0,0,0,0,0,1,0,0,0
610,0,0,Core i7,0,2014,0,0,0,0,0,0,0,1,0,0,0
611,0,0,Core i7,0,2013,0,0,0,0,0,0,0,1,0,0,0
612,0,0,Core i7,0,2013,0,0,0,0,0,0,0,1,0,0,0
627,0,0,Core i7,0,2014,0,0,0,0,0,0,0,1,0,0,0
664,0,0,0,0,2016,2,0,0,0,0,0,0,1,0,0,0
670,0,0,0,0,2013,0,0,0,0,0,0,0,1,0,0,0
672,0,0,Intel Core I5-4258U,0,2013,0,0,0,0,0,0,0,1,0,0,0
688,0,0,0,0,2012,0,0,0,0,0,0,0,1,0,0,0
704,0,0,0,0,2014,0,0,0,0,0,0,0,1,0,0,0
705,0,0,Intel Core I5-4288U,0,2014,0,0,0,0,0,0,0,1,0,0,0
715,0,0,Intel Core i5,0,2015,0,0,0,0,0,0,0,1,0,0,0
716,0,0,Intel Core i5,0,2015,0,0,0,0,0,0,0,1,0,0,0
729,0,0,Core 2 Duo,0,2011,0,0,0,0,0,0,0,1,0,0,0
777,0,0,A-Series,0,0,0,0,0,0,0,0,0,0,0,1,0
778,0,0,Cortex-A17 RK3288C,0,0,4,0,0,0,0,0,0,0,0,1,0
779,0,0,0,0,0,0,0,0,0,0,0,0,0,0,1,0
811,0,0,MediaTek MT8173C 2x A72 + 2x A53,4.14,0,4,0,0,0,0,0,0,0,0,1,0
823,0,0,Intel Celeron,4.14,0,2,0,0,0,0,0,0,0,0,1,0
856,0,0,Celeron,0,0,0,0,0,0,0,0,0,0,0,1,0
857,0,0,Celeron,0,0,0,0,0,0,0,0,0,0,0,1,0
868,0,0,Intel Dual Core Celeron N3350,0,0,2,0,0,0,0,0,0,0,0,1,0
869,0,0,Intel Celeron-N3350,0,0,2,0,0,0,0,0,0,0,0,1,0
884,0,0,AMD A4-9120C,0,0,2,0,0,0,0,0,0,0,0,1,0
885,0,0,AMD A4-9120C,0,0,2,0,0,0,0,0,0,0,0,1,0
892,0,0,Core i5,0,0,0,0,0,0,0,0,0,0,0,1,0
893,0,0,Core i3,0,0,0,0,0,0,0,0,0,0,0,1,0
901,0,0,0,6.39,0,0,0,0,0,0,0,0,0,0,1,0
902,0,0,0,4.8,0,0,0,0,0,0,0,0,0,0,1,0
903,0,0,0,5.05,0,0,0,0,0,0,0,0,0,0,1,0
904,0,0,0,4.65,0,0,0,0,0,0,0,0,0,0,1,0
905,0,0,0,4.65,0,0,0,0,0,0,0,0,0,0,1,0
906,0,0,0,4.95,0,0,0,0,0,0,0,0,0,0,1,0
907,0,0,0,5.8,0,0,0,0,0,0,0,0,0,0,1,0
908,0,0,0,5.3,0,0,0,0,0,0,0,0,0,0,1,0
909,0,0,0,3.8,0,0,0,0,0,0,0,0,0,0,1,0
910,0,0,0,6,0,0,0,0,0,0,0,0,0,0,1,0
911,0,0,0,4.75,0,0,0,0,0,0,0,0,0,0,1,0
912,0,0,0,4.25,0,0,0,0,0,0,0,0,0,0,1,0
913,0,0,0,4.6,0,0,0,0,0,0,0,0,0,0,1,0
914,0,0,0,5.15,0,0,0,0,0,0,0,0,0,0,1,0
915,0,0,0,4.35,0,0,0,0,0,0,0,0,0,0,1,0
916,0,0,0,4.7,0,0,0,0,0,0,0,0,0,0,1,0
917,0,0,0,4.45,0,0,0,0,0,0,0,0,0,0,1,0
918,0,0,0,4.55,0,0,0,0,0,0,0,0,0,0,1,0
919,0,0,0,4.45,0,0,0,0,0,0,0,0,0,0,1,0
920,0,0,0,3.7,0,0,0,0,0,0,0,0,0,0,1,0
921,0,0,0,19.8,0,0,0,0,0,0,0,0,0,0,1,0
922,0,0,0,4.75,0,0,0,0,0,0,0,0,0,0,1,0
1022,0,0,Intel Core i7 8750H,0,0,6,0,0,0,0,0,0,0,0,0,1
1037,0,0,Intel Core i7 9750H,0,0,6,0,0,0,0,0,0,0,0,0,1
1038,0,0,Intel Core i7 9750H,0,0,6,0,0,0,0,0,0,0,0,0,1
1039,0,0,Core i7,0,0,0,0,0,0,0,0,0,0,0,0,1
1040,0,0,Core i7,0,0,0,0,0,0,0,0,0,0,0,0,1
1041,0,0,Core i7,0,0,0,0,0,0,0,0,0,0,0,0,1
1045,0,0,Ryzen 5,0,0,0,0,0,0,0,0,0,0,0,0,1
1046,0,0,Intel Core i5 8300H,0,0,4,0,0,0,0,0,0,0,0,0,1
1064,0,0,"9th Generation Intel® Core™ i7-9750H (6-Core, 12MB Cache, up to 4.5GHz w/ Turbo Boost)",0,0,0,0,0,0,0,0,0,0,0,0,1
1065,0,0,"9th Generation Intel® Core™ i7-9750H (6-Core, 12MB Cache, up to 4.5GHz w/ Turbo Boost)",0,0,0,0,0,0,0,0,0,0,0,0,1
1066,0,0,"9th Generation Intel® Core™ i7-9750H (6-Core, 12MB Cache, up to 4.5GHz w/ Turbo Boost)",0,0,0,0,0,0,0,0,0,0,0,0,1
1067,0,0,Intel Core i9-9900K CPU @ 3.60GHz,0,0,0,0,0,0,0,0,0,0,0,0,1
1068,0,0,Intel Core i9-9900K CPU @ 3.60GHz,0,0,0,0,0,0,0,0,0,0,0,0,1
1069,0,0,Intel Core i7-8750H CPU @ 2.20GHz,0,0,0,0,0,0,0,0,0,0,0,0,1
1070,0,0,Intel Core i7-8750H CPU @ 2.20GHz,0,0,0,0,0,0,0,0,0,0,0,0,1
1076,0,0,Intel Core i7-9700K CPU @ 3.60GHz,0,0,0,0,0,0,0,0,0,0,0,0,1
1077,0,0,Intel Core i7-9700 CPU @ 3.00GHz,0,0,0,0,0,0,0,0,0,0,0,0,1
1078,0,0,Intel Core i7-7700HQ CPU @ 2.80GHz,0,0,0,0,0,0,0,0,0,0,0,0,1
1079,0,0,Intel Core i7-9700K CPU @ 3.60GHz,0,0,0,0,0,0,0,0,0,0,0,0,1